user_id,purchases
1,[]
2,"[{""product_id"": 90, ""quantity"": 1, ""total_spent"": 98.89, ""purchase_date"": ""2025-09-19 19:21:25"", ""rating"": 1.6, ""return_flag"": false}, {""product_id"": 18, ""quantity"": 2, ""total_spent"": 373.07, ""purchase_date"": ""2025-10-12 02:44:11"", ""rating"": 4.9, ""return_flag"": true}, {""product_id"": 192, ""quantity"": 5, ""total_spent"": 115.42, ""purchase_date"": ""2025-10-06 00:43:58"", ""rating"": 2.7, ""return_flag"": false}, {""product_id"": 41, ""quantity"": 3, ""total_spent"": 162.7, ""purchase_date"": ""2025-08-09 10:26:07"", ""rating"": 2.3, ""return_flag"": true}]"
3,[]
4,"[{""product_id"": 13, ""quantity"": 1, ""total_spent"": 143.33, ""purchase_date"": ""2025-09-08 12:22:01"", ""rating"": 3.6, ""return_flag"": false}, {""product_id"": 156, ""quantity"": 4, ""total_spent"": 212.95, ""purchase_date"": ""2025-06-04 23:32:09"", ""rating"": 1.9, ""return_flag"": true}, {""product_id"": 89, ""quantity"": 4, ""total_spent"": 64.34, ""purchase_date"": ""2025-05-02 11:43:39"", ""rating"": 3.7, ""return_flag"": false}, {""product_id"": 135, ""quantity"": 3, ""total_spent"": 32.25, ""purchase_date"": ""2025-06-07 04:55:03"", ""rating"": 2.6, ""return_flag"": true}, {""product_id"": 2, ""quantity"": 2, ""total_spent"": 157.7, ""purchase_date"": ""2025-10-09 07:59:12"", ""rating"": 1.8, ""return_flag"": true}, {""product_id"": 196, ""quantity"": 3, ""total_spent"": 151.83, ""purchase_date"": ""2025-05-25 19:01:59"", ""rating"": 1.5, ""return_flag"": false}]"
5,[]
6,"[{""product_id"": 137, ""quantity"": 2, ""total_spent"": 255.13, ""purchase_date"": ""2025-02-04 03:56:21"", ""rating"": 4.3, ""return_flag"": false}, {""product_id"": 19, ""quantity"": 4, ""total_spent"": 432.26, ""purchase_date"": ""2025-01-02 16:45:26"", ""rating"": 1.2, ""return_flag"": true}, {""product_id"": 118, ""quantity"": 1, ""total_spent"": 432.43, ""purchase_date"": ""2025-09-24 21:46:16"", ""rating"": 3.3, ""return_flag"": false}, {""product_id"": 182, ""quantity"": 4, ""total_spent"": 151.86, ""purchase_date"": ""2025-08-23 09:33:02"", ""rating"": 2.6, ""return_flag"": false}, {""product_id"": 44, ""quantity"": 5, ""total_spent"": 235.45, ""purchase_date"": ""2025-08-26 02:40:25"", ""rating"": 3.8, ""return_flag"": false}]"
7,"[{""product_id"": 63, ""quantity"": 4, ""total_spent"": 298.55, ""purchase_date"": ""2025-02-14 11:24:39"", ""rating"": 3.1, ""return_flag"": false}, {""product_id"": 80, ""quantity"": 3, ""total_spent"": 118.57, ""purchase_date"": ""2025-08-06 00:10:52"", ""rating"": 4.1, ""return_flag"": true}]"
8,"[{""product_id"": 136, ""quantity"": 5, ""total_spent"": 105.01, ""purchase_date"": ""2025-08-29 11:26:12"", ""rating"": 4.1, ""return_flag"": false}, {""product_id"": 187, ""quantity"": 2, ""total_spent"": 125.77, ""purchase_date"": ""2025-01-26 18:20:38"", ""rating"": 1.6, ""return_flag"": true}]"
9,"[{""product_id"": 195, ""quantity"": 1, ""total_spent"": 96.8, ""purchase_date"": ""2025-09-17 13:17:12"", ""rating"": 4.1, ""return_flag"": false}, {""product_id"": 119, ""quantity"": 5, ""total_spent"": 382.34, ""purchase_date"": ""2025-09-20 18:20:01"", ""rating"": 2.8, ""return_flag"": false}, {""product_id"": 161, ""quantity"": 3, ""total_spent"": 83.97, ""purchase_date"": ""2025-07-24 14:46:25"", ""rating"": 1.3, ""return_flag"": false}]"
10,"[{""product_id"": 152, ""quantity"": 1, ""total_spent"": 182.45, ""purchase_date"": ""2025-06-23 18:48:03"", ""rating"": 1.3, ""return_flag"": false}, {""product_id"": 116, ""quantity"": 1, ""total_spent"": 37.88, ""purchase_date"": ""2025-09-17 20:21:02"", ""rating"": 4.3, ""return_flag"": true}, {""product_id"": 166, ""quantity"": 1, ""total_spent"": 311.35, ""purchase_date"": ""2025-07-20 14:37:00"", ""rating"": 3.0, ""return_flag"": false}, {""product_id"": 149, ""quantity"": 5, ""total_spent"": 477.57, ""purchase_date"": ""2025-10-25 18:26:58"", ""rating"": 4.0, ""return_flag"": true}]"
11,"[{""product_id"": 167, ""quantity"": 2, ""total_spent"": 167.55, ""purchase_date"": ""2025-02-03 02:35:51"", ""rating"": 2.9, ""return_flag"": true}, {""product_id"": 16, ""quantity"": 4, ""total_spent"": 60.72, ""purchase_date"": ""2025-01-10 22:46:55"", ""rating"": 4.6, ""return_flag"": false}, {""product_id"": 183, ""quantity"": 1, ""total_spent"": 257.23, ""purchase_date"": ""2025-03-19 13:03:24"", ""rating"": 1.7, ""return_flag"": true}, {""product_id"": 182, ""quantity"": 4, ""total_spent"": 495.58, ""purchase_date"": ""2025-07-24 14:04:24"", ""rating"": 3.1, ""return_flag"": true}, {""product_id"": 94, ""quantity"": 3, ""total_spent"": 459.79, ""purchase_date"": ""2025-01-25 22:05:24"", ""rating"": 2.5, ""return_flag"": false}, {""product_id"": 174, ""quantity"": 5, ""total_spent"": 35.66, ""purchase_date"": ""2025-05-17 14:20:40"", ""rating"": 3.5, ""return_flag"": false}]"
12,"[{""product_id"": 143, ""quantity"": 4, ""total_spent"": 149.23, ""purchase_date"": ""2025-04-30 00:38:39"", ""rating"": 3.9, ""return_flag"": true}, {""product_id"": 86, ""quantity"": 1, ""total_spent"": 295.54, ""purchase_date"": ""2025-01-24 11:19:02"", ""rating"": 1.6, ""return_flag"": false}]"
13,"[{""product_id"": 34, ""quantity"": 5, ""total_spent"": 357.33, ""purchase_date"": ""2025-05-02 17:18:49"", ""rating"": 1.3, ""return_flag"": false}, {""product_id"": 165, ""quantity"": 3, ""total_spent"": 408.46, ""purchase_date"": ""2025-04-07 01:39:59"", ""rating"": 3.7, ""return_flag"": true}, {""product_id"": 166, ""quantity"": 4, ""total_spent"": 259.16, ""purchase_date"": ""2025-08-04 16:37:03"", ""rating"": 1.1, ""return_flag"": false}, {""product_id"": 47, ""quantity"": 2, ""total_spent"": 177.45, ""purchase_date"": ""2025-04-11 19:30:38"", ""rating"": 4.1, ""return_flag"": true}, {""product_id"": 58, ""quantity"": 2, ""total_spent"": 85.92, ""purchase_date"": ""2025-04-08 06:48:10"", ""rating"": 2.2, ""return_flag"": true}]"
14,"[{""product_id"": 190, ""quantity"": 5, ""total_spent"": 28.5, ""purchase_date"": ""2025-05-19 15:01:29"", ""rating"": 2.3, ""return_flag"": true}, {""product_id"": 153, ""quantity"": 4, ""total_spent"": 85.58, ""purchase_date"": ""2025-05-14 11:46:53"", ""rating"": 1.7, ""return_flag"": true}, {""product_id"": 185, ""quantity"": 4, ""total_spent"": 31.41, ""purchase_date"": ""2025-02-21 19:07:26"", ""rating"": 2.5, ""return_flag"": true}, {""product_id"": 114, ""quantity"": 5, ""total_spent"": 149.61, ""purchase_date"": ""2025-10-12 22:50:37"", ""rating"": 4.0, ""return_flag"": false}, {""product_id"": 60, ""quantity"": 5, ""total_spent"": 127.19, ""purchase_date"": ""2025-08-06 00:44:49"", ""rating"": 4.9, ""return_flag"": false}, {""product_id"": 50, ""quantity"": 3, ""total_spent"": 342.37, ""purchase_date"": ""2025-07-25 12:14:33"", ""rating"": 3.3, ""return_flag"": false}]"
15,"[{""product_id"": 200, ""quantity"": 4, ""total_spent"": 256.42, ""purchase_date"": ""2025-09-25 02:51:06"", ""rating"": 2.7, ""return_flag"": true}, {""product_id"": 52, ""quantity"": 5, ""total_spent"": 77.82, ""purchase_date"": ""2025-09-18 14:05:10"", ""rating"": 2.0, ""return_flag"": false}, {""product_id"": 96, ""quantity"": 5, ""total_spent"": 467.8, ""purchase_date"": ""2025-05-04 01:51:19"", ""rating"": 3.8, ""return_flag"": true}, {""product_id"": 73, ""quantity"": 1, ""total_spent"": 383.93, ""purchase_date"": ""2025-05-14 14:14:29"", ""rating"": 2.1, ""return_flag"": true}]"
16,[]
17,"[{""product_id"": 116, ""quantity"": 3, ""total_spent"": 465.93, ""purchase_date"": ""2025-03-03 07:03:17"", ""rating"": 2.7, ""return_flag"": false}, {""product_id"": 129, ""quantity"": 3, ""total_spent"": 125.53, ""purchase_date"": ""2025-01-04 14:21:09"", ""rating"": 5.0, ""return_flag"": false}, {""product_id"": 58, ""quantity"": 1, ""total_spent"": 166.16, ""purchase_date"": ""2025-01-17 07:21:05"", ""rating"": 1.4, ""return_flag"": false}]"
18,[]
19,"[{""product_id"": 121, ""quantity"": 2, ""total_spent"": 381.83, ""purchase_date"": ""2025-07-28 04:32:19"", ""rating"": 2.9, ""return_flag"": true}, {""product_id"": 21, ""quantity"": 1, ""total_spent"": 135.4, ""purchase_date"": ""2025-02-24 20:34:06"", ""rating"": 4.3, ""return_flag"": false}, {""product_id"": 29, ""quantity"": 3, ""total_spent"": 126.44, ""purchase_date"": ""2025-10-09 07:25:22"", ""rating"": 1.5, ""return_flag"": true}, {""product_id"": 108, ""quantity"": 5, ""total_spent"": 233.99, ""purchase_date"": ""2025-09-28 05:59:51"", ""rating"": 1.4, ""return_flag"": false}]"
20,"[{""product_id"": 162, ""quantity"": 5, ""total_spent"": 291.77, ""purchase_date"": ""2025-09-11 18:47:58"", ""rating"": 3.9, ""return_flag"": false}, {""product_id"": 110, ""quantity"": 1, ""total_spent"": 311.26, ""purchase_date"": ""2025-08-06 00:41:50"", ""rating"": 2.0, ""return_flag"": false}]"
21,"[{""product_id"": 135, ""quantity"": 3, ""total_spent"": 43.16, ""purchase_date"": ""2025-05-26 08:15:48"", ""rating"": 3.1, ""return_flag"": true}, {""product_id"": 100, ""quantity"": 4, ""total_spent"": 31.33, ""purchase_date"": ""2025-01-03 22:12:01"", ""rating"": 2.5, ""return_flag"": false}]"
22,"[{""product_id"": 92, ""quantity"": 1, ""total_spent"": 178.95, ""purchase_date"": ""2025-10-06 17:02:40"", ""rating"": 3.9, ""return_flag"": true}, {""product_id"": 198, ""quantity"": 5, ""total_spent"": 370.24, ""purchase_date"": ""2025-05-17 10:16:59"", ""rating"": 2.3, ""return_flag"": true}]"
23,"[{""product_id"": 165, ""quantity"": 2, ""total_spent"": 416.89, ""purchase_date"": ""2025-06-19 14:09:11"", ""rating"": 3.7, ""return_flag"": false}, {""product_id"": 162, ""quantity"": 2, ""total_spent"": 407.63, ""purchase_date"": ""2025-05-22 14:16:06"", ""rating"": 1.3, ""return_flag"": false}, {""product_id"": 10, ""quantity"": 3, ""total_spent"": 108.78, ""purchase_date"": ""2025-09-27 04:55:04"", ""rating"": 4.2, ""return_flag"": true}, {""product_id"": 81, ""quantity"": 3, ""total_spent"": 262.54, ""purchase_date"": ""2025-03-24 21:34:32"", ""rating"": 5.0, ""return_flag"": false}]"
24,"[{""product_id"": 74, ""quantity"": 3, ""total_spent"": 432.45, ""purchase_date"": ""2025-10-29 19:50:23"", ""rating"": 1.2, ""return_flag"": false}, {""product_id"": 70, ""quantity"": 1, ""total_spent"": 401.68, ""purchase_date"": ""2025-01-19 01:19:48"", ""rating"": 2.7, ""return_flag"": false}, {""product_id"": 191, ""quantity"": 4, ""total_spent"": 448.37, ""purchase_date"": ""2025-08-09 09:43:08"", ""rating"": 2.5, ""return_flag"": true}]"
25,"[{""product_id"": 95, ""quantity"": 5, ""total_spent"": 140.69, ""purchase_date"": ""2025-01-16 10:13:55"", ""rating"": 1.3, ""return_flag"": false}, {""product_id"": 21, ""quantity"": 4, ""total_spent"": 305.2, ""purchase_date"": ""2025-03-07 05:14:34"", ""rating"": 4.3, ""return_flag"": false}, {""product_id"": 83, ""quantity"": 1, ""total_spent"": 49.23, ""purchase_date"": ""2025-02-17 16:42:55"", ""rating"": 3.6, ""return_flag"": false}, {""product_id"": 115, ""quantity"": 5, ""total_spent"": 361.65, ""purchase_date"": ""2025-06-17 01:13:14"", ""rating"": 1.7, ""return_flag"": false}, {""product_id"": 90, ""quantity"": 4, ""total_spent"": 30.75, ""purchase_date"": ""2025-05-10 20:40:13"", ""rating"": 4.5, ""return_flag"": false}]"
26,"[{""product_id"": 71, ""quantity"": 1, ""total_spent"": 46.77, ""purchase_date"": ""2025-10-25 03:55:29"", ""rating"": 3.6, ""return_flag"": false}, {""product_id"": 132, ""quantity"": 2, ""total_spent"": 476.87, ""purchase_date"": ""2025-02-22 16:32:31"", ""rating"": 1.6, ""return_flag"": false}, {""product_id"": 9, ""quantity"": 2, ""total_spent"": 42.94, ""purchase_date"": ""2025-08-12 08:23:24"", ""rating"": 4.1, ""return_flag"": false}, {""product_id"": 93, ""quantity"": 4, ""total_spent"": 475.24, ""purchase_date"": ""2025-05-02 11:10:59"", ""rating"": 1.1, ""return_flag"": true}, {""product_id"": 174, ""quantity"": 4, ""total_spent"": 474.92, ""purchase_date"": ""2025-09-27 10:15:18"", ""rating"": 2.5, ""return_flag"": true}]"
27,"[{""product_id"": 94, ""quantity"": 4, ""total_spent"": 164.05, ""purchase_date"": ""2025-10-02 14:02:49"", ""rating"": 2.1, ""return_flag"": true}, {""product_id"": 7, ""quantity"": 2, ""total_spent"": 254.53, ""purchase_date"": ""2025-02-03 11:35:25"", ""rating"": 2.5, ""return_flag"": true}, {""product_id"": 68, ""quantity"": 3, ""total_spent"": 354.98, ""purchase_date"": ""2025-09-10 07:12:25"", ""rating"": 1.9, ""return_flag"": false}, {""product_id"": 178, ""quantity"": 4, ""total_spent"": 108.09, ""purchase_date"": ""2025-08-21 11:14:37"", ""rating"": 1.5, ""return_flag"": true}, {""product_id"": 116, ""quantity"": 2, ""total_spent"": 450.35, ""purchase_date"": ""2025-09-15 14:12:45"", ""rating"": 2.8, ""return_flag"": true}, {""product_id"": 175, ""quantity"": 3, ""total_spent"": 337.24, ""purchase_date"": ""2025-10-04 06:37:29"", ""rating"": 3.8, ""return_flag"": false}]"
28,[]
29,[]
30,[]
31,[]
32,"[{""product_id"": 131, ""quantity"": 2, ""total_spent"": 69.47, ""purchase_date"": ""2025-02-10 14:07:53"", ""rating"": 1.8, ""return_flag"": true}, {""product_id"": 61, ""quantity"": 4, ""total_spent"": 22.88, ""purchase_date"": ""2025-03-07 09:56:17"", ""rating"": 3.2, ""return_flag"": false}, {""product_id"": 120, ""quantity"": 5, ""total_spent"": 73.59, ""purchase_date"": ""2025-09-07 03:11:00"", ""rating"": 4.5, ""return_flag"": true}, {""product_id"": 80, ""quantity"": 4, ""total_spent"": 499.8, ""purchase_date"": ""2025-09-22 09:08:33"", ""rating"": 3.9, ""return_flag"": false}]"
33,[]
34,[]
35,"[{""product_id"": 165, ""quantity"": 1, ""total_spent"": 230.49, ""purchase_date"": ""2025-06-06 09:57:14"", ""rating"": 3.7, ""return_flag"": false}, {""product_id"": 33, ""quantity"": 5, ""total_spent"": 323.5, ""purchase_date"": ""2025-02-08 13:37:05"", ""rating"": 1.7, ""return_flag"": true}, {""product_id"": 111, ""quantity"": 5, ""total_spent"": 456.25, ""purchase_date"": ""2025-07-31 15:35:17"", ""rating"": 1.2, ""return_flag"": true}, {""product_id"": 133, ""quantity"": 2, ""total_spent"": 159.02, ""purchase_date"": ""2025-01-08 09:25:54"", ""rating"": 1.6, ""return_flag"": true}]"
36,"[{""product_id"": 73, ""quantity"": 1, ""total_spent"": 132.8, ""purchase_date"": ""2025-07-14 02:14:43"", ""rating"": 3.5, ""return_flag"": false}, {""product_id"": 33, ""quantity"": 3, ""total_spent"": 311.07, ""purchase_date"": ""2025-04-04 20:34:14"", ""rating"": 1.4, ""return_flag"": true}, {""product_id"": 152, ""quantity"": 5, ""total_spent"": 85.56, ""purchase_date"": ""2025-03-19 21:42:00"", ""rating"": 3.6, ""return_flag"": false}, {""product_id"": 145, ""quantity"": 1, ""total_spent"": 414.37, ""purchase_date"": ""2025-05-30 23:35:22"", ""rating"": 1.1, ""return_flag"": true}, {""product_id"": 165, ""quantity"": 5, ""total_spent"": 139.68, ""purchase_date"": ""2025-04-24 12:23:07"", ""rating"": 1.8, ""return_flag"": false}, {""product_id"": 159, ""quantity"": 1, ""total_spent"": 254.04, ""purchase_date"": ""2025-06-18 06:14:51"", ""rating"": 3.5, ""return_flag"": false}]"
37,"[{""product_id"": 124, ""quantity"": 2, ""total_spent"": 404.3, ""purchase_date"": ""2025-08-03 20:48:14"", ""rating"": 3.7, ""return_flag"": false}, {""product_id"": 117, ""quantity"": 1, ""total_spent"": 347.42, ""purchase_date"": ""2025-09-20 07:28:09"", ""rating"": 1.6, ""return_flag"": false}, {""product_id"": 124, ""quantity"": 4, ""total_spent"": 109.97, ""purchase_date"": ""2025-02-22 15:59:12"", ""rating"": 3.4, ""return_flag"": false}, {""product_id"": 184, ""quantity"": 3, ""total_spent"": 369.76, ""purchase_date"": ""2025-01-09 20:10:38"", ""rating"": 4.4, ""return_flag"": false}]"
38,"[{""product_id"": 132, ""quantity"": 5, ""total_spent"": 62.03, ""purchase_date"": ""2025-08-02 16:57:07"", ""rating"": 2.0, ""return_flag"": true}, {""product_id"": 69, ""quantity"": 4, ""total_spent"": 131.48, ""purchase_date"": ""2025-05-15 00:24:15"", ""rating"": 1.4, ""return_flag"": false}, {""product_id"": 99, ""quantity"": 5, ""total_spent"": 214.89, ""purchase_date"": ""2025-09-09 16:15:15"", ""rating"": 4.9, ""return_flag"": true}, {""product_id"": 84, ""quantity"": 5, ""total_spent"": 363.35, ""purchase_date"": ""2025-01-25 16:17:24"", ""rating"": 1.8, ""return_flag"": true}]"
39,"[{""product_id"": 120, ""quantity"": 4, ""total_spent"": 440.75, ""purchase_date"": ""2025-04-01 23:06:55"", ""rating"": 3.0, ""return_flag"": true}, {""product_id"": 101, ""quantity"": 5, ""total_spent"": 234.04, ""purchase_date"": ""2025-04-12 19:26:08"", ""rating"": 2.0, ""return_flag"": false}, {""product_id"": 13, ""quantity"": 1, ""total_spent"": 147.86, ""purchase_date"": ""2025-03-08 08:08:30"", ""rating"": 3.4, ""return_flag"": false}, {""product_id"": 74, ""quantity"": 5, ""total_spent"": 14.01, ""purchase_date"": ""2025-05-19 10:11:10"", ""rating"": 1.4, ""return_flag"": true}, {""product_id"": 68, ""quantity"": 3, ""total_spent"": 384.29, ""purchase_date"": ""2025-07-25 18:10:55"", ""rating"": 2.5, ""return_flag"": false}, {""product_id"": 14, ""quantity"": 5, ""total_spent"": 285.29, ""purchase_date"": ""2025-09-03 07:54:13"", ""rating"": 2.5, ""return_flag"": false}]"
40,"[{""product_id"": 116, ""quantity"": 5, ""total_spent"": 147.06, ""purchase_date"": ""2025-03-24 19:13:32"", ""rating"": 5.0, ""return_flag"": true}, {""product_id"": 33, ""quantity"": 1, ""total_spent"": 203.01, ""purchase_date"": ""2025-02-04 09:06:38"", ""rating"": 4.2, ""return_flag"": false}, {""product_id"": 143, ""quantity"": 3, ""total_spent"": 379.93, ""purchase_date"": ""2025-02-24 19:52:11"", ""rating"": 1.8, ""return_flag"": false}, {""product_id"": 129, ""quantity"": 1, ""total_spent"": 32.2, ""purchase_date"": ""2025-02-23 15:19:03"", ""rating"": 1.5, ""return_flag"": false}, {""product_id"": 122, ""quantity"": 5, ""total_spent"": 233.92, ""purchase_date"": ""2025-03-17 15:00:24"", ""rating"": 3.4, ""return_flag"": true}, {""product_id"": 84, ""quantity"": 5, ""total_spent"": 166.08, ""purchase_date"": ""2025-04-27 03:02:39"", ""rating"": 2.6, ""return_flag"": false}]"
41,"[{""product_id"": 131, ""quantity"": 5, ""total_spent"": 250.02, ""purchase_date"": ""2025-06-29 17:50:45"", ""rating"": 3.3, ""return_flag"": false}, {""product_id"": 5, ""quantity"": 3, ""total_spent"": 172.31, ""purchase_date"": ""2025-03-22 20:11:48"", ""rating"": 1.4, ""return_flag"": false}, {""product_id"": 150, ""quantity"": 3, ""total_spent"": 400.41, ""purchase_date"": ""2025-04-30 11:57:35"", ""rating"": 3.9, ""return_flag"": true}, {""product_id"": 153, ""quantity"": 4, ""total_spent"": 140.11, ""purchase_date"": ""2025-02-21 11:32:02"", ""rating"": 3.6, ""return_flag"": true}, {""product_id"": 185, ""quantity"": 1, ""total_spent"": 295.93, ""purchase_date"": ""2025-06-04 06:06:40"", ""rating"": 1.7, ""return_flag"": false}, {""product_id"": 38, ""quantity"": 2, ""total_spent"": 25.47, ""purchase_date"": ""2025-10-07 11:28:48"", ""rating"": 4.8, ""return_flag"": true}]"
42,"[{""product_id"": 81, ""quantity"": 4, ""total_spent"": 84.2, ""purchase_date"": ""2025-04-18 17:03:18"", ""rating"": 3.8, ""return_flag"": false}, {""product_id"": 129, ""quantity"": 5, ""total_spent"": 461.06, ""purchase_date"": ""2025-04-26 00:35:41"", ""rating"": 4.5, ""return_flag"": true}, {""product_id"": 181, ""quantity"": 2, ""total_spent"": 264.15, ""purchase_date"": ""2025-10-13 21:37:43"", ""rating"": 3.2, ""return_flag"": false}, {""product_id"": 135, ""quantity"": 4, ""total_spent"": 163.74, ""purchase_date"": ""2025-01-29 12:03:18"", ""rating"": 1.7, ""return_flag"": false}, {""product_id"": 140, ""quantity"": 3, ""total_spent"": 341.18, ""purchase_date"": ""2025-01-29 16:22:34"", ""rating"": 4.5, ""return_flag"": false}]"
43,"[{""product_id"": 64, ""quantity"": 3, ""total_spent"": 283.46, ""purchase_date"": ""2025-08-29 19:50:16"", ""rating"": 1.9, ""return_flag"": false}, {""product_id"": 198, ""quantity"": 3, ""total_spent"": 355.4, ""purchase_date"": ""2025-02-11 06:30:42"", ""rating"": 3.8, ""return_flag"": false}, {""product_id"": 82, ""quantity"": 4, ""total_spent"": 180.91, ""purchase_date"": ""2025-02-01 23:52:36"", ""rating"": 4.7, ""return_flag"": false}]"
44,"[{""product_id"": 174, ""quantity"": 5, ""total_spent"": 196.05, ""purchase_date"": ""2025-10-22 19:41:50"", ""rating"": 4.9, ""return_flag"": false}, {""product_id"": 198, ""quantity"": 2, ""total_spent"": 152.32, ""purchase_date"": ""2025-03-08 11:05:09"", ""rating"": 2.2, ""return_flag"": true}, {""product_id"": 89, ""quantity"": 4, ""total_spent"": 331.43, ""purchase_date"": ""2025-05-05 03:55:35"", ""rating"": 4.0, ""return_flag"": true}, {""product_id"": 52, ""quantity"": 5, ""total_spent"": 142.86, ""purchase_date"": ""2025-07-14 06:39:59"", ""rating"": 3.2, ""return_flag"": false}, {""product_id"": 36, ""quantity"": 1, ""total_spent"": 311.68, ""purchase_date"": ""2025-08-31 16:28:33"", ""rating"": 3.3, ""return_flag"": true}, {""product_id"": 13, ""quantity"": 5, ""total_spent"": 120.58, ""purchase_date"": ""2025-08-13 12:30:55"", ""rating"": 1.9, ""return_flag"": true}]"
45,"[{""product_id"": 26, ""quantity"": 2, ""total_spent"": 12.54, ""purchase_date"": ""2025-07-07 10:41:36"", ""rating"": 3.2, ""return_flag"": true}, {""product_id"": 105, ""quantity"": 4, ""total_spent"": 243.95, ""purchase_date"": ""2025-01-23 19:17:17"", ""rating"": 1.8, ""return_flag"": false}, {""product_id"": 83, ""quantity"": 3, ""total_spent"": 326.49, ""purchase_date"": ""2025-09-26 17:14:38"", ""rating"": 4.6, ""return_flag"": true}, {""product_id"": 167, ""quantity"": 5, ""total_spent"": 123.79, ""purchase_date"": ""2025-08-12 04:51:07"", ""rating"": 4.0, ""return_flag"": true}, {""product_id"": 45, ""quantity"": 4, ""total_spent"": 442.3, ""purchase_date"": ""2025-05-31 11:21:12"", ""rating"": 1.7, ""return_flag"": true}]"
46,[]
47,"[{""product_id"": 48, ""quantity"": 3, ""total_spent"": 439.6, ""purchase_date"": ""2025-09-27 08:16:38"", ""rating"": 1.0, ""return_flag"": true}, {""product_id"": 86, ""quantity"": 3, ""total_spent"": 232.63, ""purchase_date"": ""2025-01-24 02:42:37"", ""rating"": 3.6, ""return_flag"": false}, {""product_id"": 35, ""quantity"": 5, ""total_spent"": 239.33, ""purchase_date"": ""2025-10-28 09:28:04"", ""rating"": 1.8, ""return_flag"": true}, {""product_id"": 85, ""quantity"": 2, ""total_spent"": 368.25, ""purchase_date"": ""2025-03-08 10:48:49"", ""rating"": 3.6, ""return_flag"": true}, {""product_id"": 4, ""quantity"": 3, ""total_spent"": 397.48, ""purchase_date"": ""2025-02-10 19:46:04"", ""rating"": 3.3, ""return_flag"": true}]"
48,"[{""product_id"": 110, ""quantity"": 5, ""total_spent"": 170.68, ""purchase_date"": ""2025-03-03 19:56:46"", ""rating"": 2.6, ""return_flag"": true}, {""product_id"": 48, ""quantity"": 2, ""total_spent"": 243.95, ""purchase_date"": ""2025-05-05 16:51:46"", ""rating"": 4.7, ""return_flag"": true}, {""product_id"": 67, ""quantity"": 4, ""total_spent"": 125.41, ""purchase_date"": ""2025-01-28 04:37:56"", ""rating"": 4.0, ""return_flag"": false}, {""product_id"": 78, ""quantity"": 5, ""total_spent"": 364.21, ""purchase_date"": ""2025-09-02 00:42:29"", ""rating"": 1.0, ""return_flag"": false}, {""product_id"": 178, ""quantity"": 2, ""total_spent"": 40.44, ""purchase_date"": ""2025-09-07 11:35:13"", ""rating"": 1.5, ""return_flag"": false}]"
49,"[{""product_id"": 181, ""quantity"": 3, ""total_spent"": 348.24, ""purchase_date"": ""2025-07-29 19:15:49"", ""rating"": 3.6, ""return_flag"": false}, {""product_id"": 95, ""quantity"": 5, ""total_spent"": 118.22, ""purchase_date"": ""2025-06-28 05:31:51"", ""rating"": 4.8, ""return_flag"": false}, {""product_id"": 40, ""quantity"": 4, ""total_spent"": 376.39, ""purchase_date"": ""2025-06-27 13:21:52"", ""rating"": 3.4, ""return_flag"": false}, {""product_id"": 180, ""quantity"": 5, ""total_spent"": 457.27, ""purchase_date"": ""2025-03-18 08:55:54"", ""rating"": 4.0, ""return_flag"": true}, {""product_id"": 196, ""quantity"": 2, ""total_spent"": 343.37, ""purchase_date"": ""2025-08-10 13:17:03"", ""rating"": 3.4, ""return_flag"": true}, {""product_id"": 135, ""quantity"": 4, ""total_spent"": 268.8, ""purchase_date"": ""2025-01-01 15:24:16"", ""rating"": 2.4, ""return_flag"": true}]"
50,"[{""product_id"": 130, ""quantity"": 2, ""total_spent"": 290.62, ""purchase_date"": ""2025-05-10 23:48:31"", ""rating"": 1.6, ""return_flag"": false}, {""product_id"": 134, ""quantity"": 4, ""total_spent"": 66.96, ""purchase_date"": ""2025-02-23 08:06:09"", ""rating"": 1.8, ""return_flag"": false}, {""product_id"": 24, ""quantity"": 5, ""total_spent"": 228.29, ""purchase_date"": ""2025-01-19 10:14:48"", ""rating"": 1.2, ""return_flag"": true}, {""product_id"": 132, ""quantity"": 4, ""total_spent"": 233.83, ""purchase_date"": ""2025-09-22 18:44:49"", ""rating"": 1.2, ""return_flag"": false}, {""product_id"": 173, ""quantity"": 3, ""total_spent"": 364.41, ""purchase_date"": ""2025-02-14 04:51:13"", ""rating"": 2.6, ""return_flag"": true}, {""product_id"": 191, ""quantity"": 2, ""total_spent"": 293.37, ""purchase_date"": ""2025-07-13 08:30:28"", ""rating"": 1.2, ""return_flag"": false}]"
51,[]
52,"[{""product_id"": 18, ""quantity"": 4, ""total_spent"": 25.55, ""purchase_date"": ""2025-03-23 08:26:08"", ""rating"": 2.6, ""return_flag"": true}, {""product_id"": 197, ""quantity"": 4, ""total_spent"": 193.49, ""purchase_date"": ""2025-06-27 20:04:35"", ""rating"": 4.6, ""return_flag"": false}]"
53,[]
54,[]
55,"[{""product_id"": 35, ""quantity"": 3, ""total_spent"": 68.13, ""purchase_date"": ""2025-04-04 20:13:31"", ""rating"": 5.0, ""return_flag"": false}, {""product_id"": 136, ""quantity"": 2, ""total_spent"": 366.65, ""purchase_date"": ""2025-09-30 11:45:50"", ""rating"": 1.9, ""return_flag"": true}, {""product_id"": 194, ""quantity"": 1, ""total_spent"": 489.46, ""purchase_date"": ""2025-05-31 05:49:56"", ""rating"": 2.9, ""return_flag"": false}, {""product_id"": 137, ""quantity"": 4, ""total_spent"": 413.45, ""purchase_date"": ""2025-08-29 08:24:20"", ""rating"": 2.0, ""return_flag"": false}, {""product_id"": 40, ""quantity"": 3, ""total_spent"": 102.36, ""purchase_date"": ""2025-06-14 16:19:37"", ""rating"": 4.5, ""return_flag"": true}, {""product_id"": 9, ""quantity"": 4, ""total_spent"": 311.31, ""purchase_date"": ""2025-10-05 00:24:26"", ""rating"": 4.7, ""return_flag"": true}]"
56,"[{""product_id"": 26, ""quantity"": 5, ""total_spent"": 26.45, ""purchase_date"": ""2025-08-06 23:18:12"", ""rating"": 3.4, ""return_flag"": true}, {""product_id"": 63, ""quantity"": 1, ""total_spent"": 207.11, ""purchase_date"": ""2025-07-15 13:01:51"", ""rating"": 1.9, ""return_flag"": true}]"
57,[]
58,[]
59,"[{""product_id"": 60, ""quantity"": 5, ""total_spent"": 166.26, ""purchase_date"": ""2025-04-20 00:20:15"", ""rating"": 3.4, ""return_flag"": false}, {""product_id"": 61, ""quantity"": 3, ""total_spent"": 439.37, ""purchase_date"": ""2025-01-28 02:04:25"", ""rating"": 4.9, ""return_flag"": true}, {""product_id"": 106, ""quantity"": 3, ""total_spent"": 144.83, ""purchase_date"": ""2025-02-26 09:18:40"", ""rating"": 3.2, ""return_flag"": true}, {""product_id"": 161, ""quantity"": 4, ""total_spent"": 282.37, ""purchase_date"": ""2025-08-31 16:33:08"", ""rating"": 1.2, ""return_flag"": false}]"
60,[]
61,"[{""product_id"": 82, ""quantity"": 4, ""total_spent"": 210.05, ""purchase_date"": ""2025-02-09 05:57:45"", ""rating"": 2.2, ""return_flag"": true}, {""product_id"": 194, ""quantity"": 5, ""total_spent"": 242.02, ""purchase_date"": ""2025-10-31 05:56:44"", ""rating"": 4.4, ""return_flag"": false}, {""product_id"": 182, ""quantity"": 2, ""total_spent"": 404.83, ""purchase_date"": ""2025-09-16 01:48:18"", ""rating"": 4.7, ""return_flag"": false}, {""product_id"": 107, ""quantity"": 5, ""total_spent"": 269.7, ""purchase_date"": ""2025-01-09 09:32:28"", ""rating"": 2.6, ""return_flag"": false}, {""product_id"": 53, ""quantity"": 3, ""total_spent"": 326.89, ""purchase_date"": ""2025-07-20 01:44:44"", ""rating"": 4.7, ""return_flag"": false}, {""product_id"": 24, ""quantity"": 5, ""total_spent"": 365.05, ""purchase_date"": ""2025-01-30 03:02:48"", ""rating"": 1.8, ""return_flag"": false}]"
62,"[{""product_id"": 155, ""quantity"": 1, ""total_spent"": 438.07, ""purchase_date"": ""2025-09-18 14:41:47"", ""rating"": 1.8, ""return_flag"": true}, {""product_id"": 123, ""quantity"": 2, ""total_spent"": 436.04, ""purchase_date"": ""2025-07-02 19:38:58"", ""rating"": 2.3, ""return_flag"": true}, {""product_id"": 55, ""quantity"": 2, ""total_spent"": 481.42, ""purchase_date"": ""2025-03-29 11:54:53"", ""rating"": 1.5, ""return_flag"": false}, {""product_id"": 63, ""quantity"": 5, ""total_spent"": 354.85, ""purchase_date"": ""2025-01-02 04:20:47"", ""rating"": 2.6, ""return_flag"": true}, {""product_id"": 142, ""quantity"": 3, ""total_spent"": 390.0, ""purchase_date"": ""2025-04-10 01:55:33"", ""rating"": 2.5, ""return_flag"": false}, {""product_id"": 79, ""quantity"": 3, ""total_spent"": 186.23, ""purchase_date"": ""2025-04-06 07:03:58"", ""rating"": 4.5, ""return_flag"": false}]"
63,"[{""product_id"": 195, ""quantity"": 3, ""total_spent"": 458.02, ""purchase_date"": ""2025-04-27 06:14:46"", ""rating"": 2.5, ""return_flag"": false}, {""product_id"": 12, ""quantity"": 5, ""total_spent"": 433.4, ""purchase_date"": ""2025-10-15 03:26:41"", ""rating"": 4.0, ""return_flag"": true}, {""product_id"": 67, ""quantity"": 5, ""total_spent"": 468.03, ""purchase_date"": ""2025-09-13 13:11:08"", ""rating"": 3.3, ""return_flag"": false}, {""product_id"": 76, ""quantity"": 2, ""total_spent"": 106.13, ""purchase_date"": ""2025-10-11 01:16:53"", ""rating"": 1.9, ""return_flag"": true}, {""product_id"": 128, ""quantity"": 5, ""total_spent"": 330.76, ""purchase_date"": ""2025-02-17 06:00:35"", ""rating"": 3.7, ""return_flag"": false}]"
64,[]
65,"[{""product_id"": 118, ""quantity"": 2, ""total_spent"": 369.06, ""purchase_date"": ""2025-04-05 20:18:04"", ""rating"": 2.4, ""return_flag"": true}, {""product_id"": 185, ""quantity"": 5, ""total_spent"": 249.27, ""purchase_date"": ""2025-06-29 16:38:12"", ""rating"": 4.7, ""return_flag"": true}, {""product_id"": 135, ""quantity"": 1, ""total_spent"": 421.14, ""purchase_date"": ""2025-05-09 17:50:52"", ""rating"": 1.3, ""return_flag"": true}, {""product_id"": 196, ""quantity"": 1, ""total_spent"": 212.07, ""purchase_date"": ""2025-03-30 05:22:30"", ""rating"": 4.4, ""return_flag"": true}, {""product_id"": 18, ""quantity"": 2, ""total_spent"": 14.48, ""purchase_date"": ""2025-05-10 03:27:20"", ""rating"": 3.0, ""return_flag"": false}]"
66,"[{""product_id"": 124, ""quantity"": 4, ""total_spent"": 17.71, ""purchase_date"": ""2025-10-25 02:08:53"", ""rating"": 3.1, ""return_flag"": false}, {""product_id"": 4, ""quantity"": 1, ""total_spent"": 269.41, ""purchase_date"": ""2025-04-22 09:58:45"", ""rating"": 2.1, ""return_flag"": false}, {""product_id"": 5, ""quantity"": 5, ""total_spent"": 408.45, ""purchase_date"": ""2025-08-02 15:09:16"", ""rating"": 3.7, ""return_flag"": true}, {""product_id"": 28, ""quantity"": 1, ""total_spent"": 266.95, ""purchase_date"": ""2025-07-12 03:53:14"", ""rating"": 2.0, ""return_flag"": false}, {""product_id"": 91, ""quantity"": 3, ""total_spent"": 399.52, ""purchase_date"": ""2025-06-30 22:47:06"", ""rating"": 1.3, ""return_flag"": false}, {""product_id"": 118, ""quantity"": 5, ""total_spent"": 129.17, ""purchase_date"": ""2025-03-18 06:05:24"", ""rating"": 3.8, ""return_flag"": false}]"
67,"[{""product_id"": 168, ""quantity"": 1, ""total_spent"": 55.82, ""purchase_date"": ""2025-04-23 20:31:48"", ""rating"": 2.5, ""return_flag"": false}, {""product_id"": 15, ""quantity"": 1, ""total_spent"": 354.39, ""purchase_date"": ""2025-08-08 03:59:58"", ""rating"": 1.3, ""return_flag"": false}]"
68,"[{""product_id"": 145, ""quantity"": 1, ""total_spent"": 448.45, ""purchase_date"": ""2025-09-01 10:57:10"", ""rating"": 4.7, ""return_flag"": true}, {""product_id"": 55, ""quantity"": 5, ""total_spent"": 243.0, ""purchase_date"": ""2025-06-14 06:31:11"", ""rating"": 1.2, ""return_flag"": true}, {""product_id"": 176, ""quantity"": 3, ""total_spent"": 450.66, ""purchase_date"": ""2025-08-18 08:34:35"", ""rating"": 3.3, ""return_flag"": true}, {""product_id"": 46, ""quantity"": 3, ""total_spent"": 17.67, ""purchase_date"": ""2025-02-05 23:01:28"", ""rating"": 1.8, ""return_flag"": true}]"
69,[]
70,[]
71,"[{""product_id"": 77, ""quantity"": 2, ""total_spent"": 286.34, ""purchase_date"": ""2025-09-21 07:08:50"", ""rating"": 3.3, ""return_flag"": false}, {""product_id"": 174, ""quantity"": 5, ""total_spent"": 172.55, ""purchase_date"": ""2025-01-03 22:49:52"", ""rating"": 4.0, ""return_flag"": true}]"
72,[]
73,"[{""product_id"": 129, ""quantity"": 3, ""total_spent"": 36.31, ""purchase_date"": ""2025-07-11 01:57:20"", ""rating"": 2.7, ""return_flag"": true}, {""product_id"": 88, ""quantity"": 5, ""total_spent"": 386.81, ""purchase_date"": ""2025-05-17 10:00:10"", ""rating"": 4.8, ""return_flag"": false}]"
74,[]
75,"[{""product_id"": 116, ""quantity"": 4, ""total_spent"": 121.79, ""purchase_date"": ""2025-02-03 00:28:45"", ""rating"": 3.2, ""return_flag"": false}, {""product_id"": 111, ""quantity"": 2, ""total_spent"": 343.05, ""purchase_date"": ""2025-07-11 13:45:54"", ""rating"": 3.6, ""return_flag"": true}, {""product_id"": 198, ""quantity"": 5, ""total_spent"": 154.74, ""purchase_date"": ""2025-06-03 04:00:39"", ""rating"": 2.0, ""return_flag"": true}, {""product_id"": 22, ""quantity"": 3, ""total_spent"": 85.57, ""purchase_date"": ""2025-08-23 15:07:51"", ""rating"": 3.8, ""return_flag"": true}]"
76,[]
77,"[{""product_id"": 24, ""quantity"": 1, ""total_spent"": 472.05, ""purchase_date"": ""2025-08-10 02:04:30"", ""rating"": 2.8, ""return_flag"": false}, {""product_id"": 27, ""quantity"": 2, ""total_spent"": 52.78, ""purchase_date"": ""2025-09-14 14:47:13"", ""rating"": 2.7, ""return_flag"": false}]"
78,"[{""product_id"": 91, ""quantity"": 5, ""total_spent"": 55.6, ""purchase_date"": ""2025-01-01 16:09:52"", ""rating"": 3.4, ""return_flag"": false}, {""product_id"": 99, ""quantity"": 1, ""total_spent"": 153.01, ""purchase_date"": ""2025-08-28 19:46:32"", ""rating"": 2.6, ""return_flag"": true}]"
79,[]
80,"[{""product_id"": 147, ""quantity"": 5, ""total_spent"": 93.1, ""purchase_date"": ""2025-07-30 00:29:04"", ""rating"": 2.5, ""return_flag"": true}, {""product_id"": 69, ""quantity"": 3, ""total_spent"": 141.52, ""purchase_date"": ""2025-10-28 06:26:36"", ""rating"": 1.6, ""return_flag"": true}, {""product_id"": 112, ""quantity"": 3, ""total_spent"": 216.34, ""purchase_date"": ""2025-01-11 00:38:24"", ""rating"": 2.9, ""return_flag"": true}]"
81,"[{""product_id"": 185, ""quantity"": 4, ""total_spent"": 300.97, ""purchase_date"": ""2025-05-29 07:00:39"", ""rating"": 1.8, ""return_flag"": true}, {""product_id"": 35, ""quantity"": 3, ""total_spent"": 13.32, ""purchase_date"": ""2025-04-29 23:30:26"", ""rating"": 2.6, ""return_flag"": false}, {""product_id"": 85, ""quantity"": 4, ""total_spent"": 174.02, ""purchase_date"": ""2025-10-05 05:04:06"", ""rating"": 4.3, ""return_flag"": true}]"
82,"[{""product_id"": 178, ""quantity"": 2, ""total_spent"": 244.71, ""purchase_date"": ""2025-04-24 22:42:55"", ""rating"": 1.7, ""return_flag"": false}, {""product_id"": 82, ""quantity"": 3, ""total_spent"": 370.09, ""purchase_date"": ""2025-03-07 09:52:44"", ""rating"": 3.5, ""return_flag"": true}, {""product_id"": 84, ""quantity"": 4, ""total_spent"": 147.35, ""purchase_date"": ""2025-10-02 02:22:00"", ""rating"": 4.1, ""return_flag"": false}, {""product_id"": 30, ""quantity"": 5, ""total_spent"": 107.9, ""purchase_date"": ""2025-07-17 21:41:41"", ""rating"": 5.0, ""return_flag"": true}, {""product_id"": 175, ""quantity"": 5, ""total_spent"": 23.19, ""purchase_date"": ""2025-07-27 03:37:27"", ""rating"": 3.9, ""return_flag"": true}, {""product_id"": 113, ""quantity"": 3, ""total_spent"": 417.33, ""purchase_date"": ""2025-10-04 16:24:44"", ""rating"": 1.3, ""return_flag"": false}]"
83,"[{""product_id"": 163, ""quantity"": 3, ""total_spent"": 128.59, ""purchase_date"": ""2025-01-29 14:28:26"", ""rating"": 3.6, ""return_flag"": false}, {""product_id"": 97, ""quantity"": 1, ""total_spent"": 230.04, ""purchase_date"": ""2025-10-22 03:56:13"", ""rating"": 3.4, ""return_flag"": false}, {""product_id"": 137, ""quantity"": 5, ""total_spent"": 462.51, ""purchase_date"": ""2025-09-05 17:21:03"", ""rating"": 4.5, ""return_flag"": false}]"
84,"[{""product_id"": 180, ""quantity"": 5, ""total_spent"": 300.97, ""purchase_date"": ""2025-01-24 10:44:02"", ""rating"": 4.7, ""return_flag"": true}, {""product_id"": 197, ""quantity"": 2, ""total_spent"": 332.22, ""purchase_date"": ""2025-01-20 05:41:54"", ""rating"": 2.4, ""return_flag"": true}, {""product_id"": 145, ""quantity"": 4, ""total_spent"": 483.74, ""purchase_date"": ""2025-01-19 23:56:05"", ""rating"": 2.3, ""return_flag"": false}, {""product_id"": 28, ""quantity"": 1, ""total_spent"": 58.32, ""purchase_date"": ""2025-08-02 06:10:09"", ""rating"": 1.9, ""return_flag"": true}]"
85,"[{""product_id"": 119, ""quantity"": 5, ""total_spent"": 348.31, ""purchase_date"": ""2025-07-11 17:25:14"", ""rating"": 1.6, ""return_flag"": true}, {""product_id"": 124, ""quantity"": 1, ""total_spent"": 154.76, ""purchase_date"": ""2025-04-05 01:49:17"", ""rating"": 4.7, ""return_flag"": true}, {""product_id"": 30, ""quantity"": 2, ""total_spent"": 180.68, ""purchase_date"": ""2025-02-03 14:02:02"", ""rating"": 2.4, ""return_flag"": true}, {""product_id"": 134, ""quantity"": 4, ""total_spent"": 180.67, ""purchase_date"": ""2025-01-17 13:07:19"", ""rating"": 1.4, ""return_flag"": false}, {""product_id"": 82, ""quantity"": 1, ""total_spent"": 157.13, ""purchase_date"": ""2025-07-27 23:48:13"", ""rating"": 4.2, ""return_flag"": true}]"
86,"[{""product_id"": 166, ""quantity"": 1, ""total_spent"": 341.8, ""purchase_date"": ""2025-03-17 06:25:38"", ""rating"": 1.7, ""return_flag"": true}, {""product_id"": 133, ""quantity"": 2, ""total_spent"": 280.44, ""purchase_date"": ""2025-05-26 16:25:42"", ""rating"": 2.3, ""return_flag"": false}, {""product_id"": 119, ""quantity"": 2, ""total_spent"": 400.9, ""purchase_date"": ""2025-07-10 12:34:07"", ""rating"": 3.5, ""return_flag"": true}, {""product_id"": 164, ""quantity"": 4, ""total_spent"": 203.84, ""purchase_date"": ""2025-01-17 01:24:15"", ""rating"": 3.9, ""return_flag"": true}]"
87,"[{""product_id"": 100, ""quantity"": 1, ""total_spent"": 355.32, ""purchase_date"": ""2025-09-03 02:58:52"", ""rating"": 1.8, ""return_flag"": true}, {""product_id"": 148, ""quantity"": 1, ""total_spent"": 401.76, ""purchase_date"": ""2025-06-19 04:01:18"", ""rating"": 3.1, ""return_flag"": false}, {""product_id"": 84, ""quantity"": 2, ""total_spent"": 234.2, ""purchase_date"": ""2025-01-19 09:02:30"", ""rating"": 2.0, ""return_flag"": false}, {""product_id"": 136, ""quantity"": 3, ""total_spent"": 302.52, ""purchase_date"": ""2025-03-27 15:13:32"", ""rating"": 3.4, ""return_flag"": true}, {""product_id"": 90, ""quantity"": 3, ""total_spent"": 424.3, ""purchase_date"": ""2025-07-14 14:44:12"", ""rating"": 3.5, ""return_flag"": false}]"
88,[]
89,"[{""product_id"": 81, ""quantity"": 1, ""total_spent"": 126.9, ""purchase_date"": ""2025-07-24 01:07:12"", ""rating"": 1.5, ""return_flag"": false}, {""product_id"": 178, ""quantity"": 2, ""total_spent"": 260.3, ""purchase_date"": ""2025-03-20 05:06:29"", ""rating"": 2.7, ""return_flag"": true}, {""product_id"": 148, ""quantity"": 4, ""total_spent"": 217.29, ""purchase_date"": ""2025-06-23 22:13:11"", ""rating"": 2.9, ""return_flag"": true}]"
90,"[{""product_id"": 74, ""quantity"": 2, ""total_spent"": 101.68, ""purchase_date"": ""2025-06-21 14:24:24"", ""rating"": 4.4, ""return_flag"": true}, {""product_id"": 92, ""quantity"": 1, ""total_spent"": 247.46, ""purchase_date"": ""2025-01-08 21:33:16"", ""rating"": 1.8, ""return_flag"": false}, {""product_id"": 144, ""quantity"": 5, ""total_spent"": 330.0, ""purchase_date"": ""2025-05-24 00:08:41"", ""rating"": 2.6, ""return_flag"": false}, {""product_id"": 107, ""quantity"": 4, ""total_spent"": 249.46, ""purchase_date"": ""2025-10-11 13:28:23"", ""rating"": 1.3, ""return_flag"": true}, {""product_id"": 195, ""quantity"": 2, ""total_spent"": 153.12, ""purchase_date"": ""2025-03-13 17:17:03"", ""rating"": 2.1, ""return_flag"": false}]"
91,"[{""product_id"": 145, ""quantity"": 4, ""total_spent"": 279.37, ""purchase_date"": ""2025-09-06 19:23:59"", ""rating"": 1.5, ""return_flag"": true}, {""product_id"": 69, ""quantity"": 5, ""total_spent"": 413.41, ""purchase_date"": ""2025-01-19 11:16:36"", ""rating"": 2.5, ""return_flag"": true}, {""product_id"": 195, ""quantity"": 4, ""total_spent"": 277.71, ""purchase_date"": ""2025-03-07 18:30:45"", ""rating"": 5.0, ""return_flag"": true}, {""product_id"": 189, ""quantity"": 2, ""total_spent"": 155.88, ""purchase_date"": ""2025-08-16 18:13:32"", ""rating"": 5.0, ""return_flag"": false}, {""product_id"": 68, ""quantity"": 3, ""total_spent"": 432.48, ""purchase_date"": ""2025-04-09 06:12:39"", ""rating"": 1.3, ""return_flag"": true}]"
92,[]
93,"[{""product_id"": 177, ""quantity"": 3, ""total_spent"": 431.91, ""purchase_date"": ""2025-02-01 20:28:09"", ""rating"": 3.4, ""return_flag"": false}, {""product_id"": 43, ""quantity"": 5, ""total_spent"": 78.23, ""purchase_date"": ""2025-03-05 18:44:24"", ""rating"": 1.8, ""return_flag"": true}, {""product_id"": 16, ""quantity"": 5, ""total_spent"": 181.9, ""purchase_date"": ""2025-05-28 20:38:06"", ""rating"": 2.1, ""return_flag"": true}, {""product_id"": 83, ""quantity"": 3, ""total_spent"": 151.77, ""purchase_date"": ""2025-06-14 11:57:38"", ""rating"": 2.1, ""return_flag"": true}, {""product_id"": 35, ""quantity"": 4, ""total_spent"": 460.2, ""purchase_date"": ""2025-09-23 13:39:01"", ""rating"": 5.0, ""return_flag"": true}, {""product_id"": 180, ""quantity"": 2, ""total_spent"": 132.34, ""purchase_date"": ""2025-06-20 23:12:26"", ""rating"": 3.8, ""return_flag"": true}]"
94,[]
95,"[{""product_id"": 37, ""quantity"": 5, ""total_spent"": 319.88, ""purchase_date"": ""2025-05-09 21:01:13"", ""rating"": 3.5, ""return_flag"": false}, {""product_id"": 116, ""quantity"": 1, ""total_spent"": 320.48, ""purchase_date"": ""2025-10-11 06:31:25"", ""rating"": 4.5, ""return_flag"": true}, {""product_id"": 104, ""quantity"": 5, ""total_spent"": 377.4, ""purchase_date"": ""2025-04-21 18:04:42"", ""rating"": 3.8, ""return_flag"": false}, {""product_id"": 117, ""quantity"": 4, ""total_spent"": 170.37, ""purchase_date"": ""2025-01-08 08:57:47"", ""rating"": 1.0, ""return_flag"": true}, {""product_id"": 188, ""quantity"": 4, ""total_spent"": 321.07, ""purchase_date"": ""2025-02-20 00:48:17"", ""rating"": 3.8, ""return_flag"": true}]"
96,[]
97,"[{""product_id"": 55, ""quantity"": 4, ""total_spent"": 141.58, ""purchase_date"": ""2025-07-05 06:40:13"", ""rating"": 4.3, ""return_flag"": false}, {""product_id"": 141, ""quantity"": 5, ""total_spent"": 73.99, ""purchase_date"": ""2025-10-09 13:10:30"", ""rating"": 4.4, ""return_flag"": false}, {""product_id"": 175, ""quantity"": 1, ""total_spent"": 32.51, ""purchase_date"": ""2025-08-26 07:51:08"", ""rating"": 3.5, ""return_flag"": false}, {""product_id"": 5, ""quantity"": 1, ""total_spent"": 465.42, ""purchase_date"": ""2025-10-16 12:00:15"", ""rating"": 1.6, ""return_flag"": false}, {""product_id"": 1, ""quantity"": 4, ""total_spent"": 109.14, ""purchase_date"": ""2025-03-18 21:05:33"", ""rating"": 3.8, ""return_flag"": true}]"
98,[]
99,"[{""product_id"": 24, ""quantity"": 3, ""total_spent"": 132.69, ""purchase_date"": ""2025-07-07 20:35:40"", ""rating"": 2.5, ""return_flag"": true}, {""product_id"": 14, ""quantity"": 4, ""total_spent"": 316.55, ""purchase_date"": ""2025-05-23 19:46:08"", ""rating"": 3.9, ""return_flag"": true}, {""product_id"": 110, ""quantity"": 1, ""total_spent"": 354.81, ""purchase_date"": ""2025-01-03 18:34:36"", ""rating"": 1.0, ""return_flag"": false}, {""product_id"": 20, ""quantity"": 2, ""total_spent"": 300.9, ""purchase_date"": ""2025-02-19 14:41:09"", ""rating"": 3.1, ""return_flag"": false}]"
100,"[{""product_id"": 31, ""quantity"": 4, ""total_spent"": 350.08, ""purchase_date"": ""2025-08-19 23:41:17"", ""rating"": 2.9, ""return_flag"": true}, {""product_id"": 99, ""quantity"": 1, ""total_spent"": 368.07, ""purchase_date"": ""2025-04-10 00:23:56"", ""rating"": 1.4, ""return_flag"": false}, {""product_id"": 95, ""quantity"": 3, ""total_spent"": 77.19, ""purchase_date"": ""2025-06-09 15:34:32"", ""rating"": 4.1, ""return_flag"": true}, {""product_id"": 165, ""quantity"": 2, ""total_spent"": 43.52, ""purchase_date"": ""2025-10-13 02:38:28"", ""rating"": 3.3, ""return_flag"": true}]"
101,"[{""product_id"": 161, ""quantity"": 2, ""total_spent"": 460.75, ""purchase_date"": ""2025-08-09 07:28:14"", ""rating"": 3.5, ""return_flag"": false}, {""product_id"": 56, ""quantity"": 1, ""total_spent"": 449.33, ""purchase_date"": ""2025-02-12 22:11:04"", ""rating"": 1.6, ""return_flag"": true}, {""product_id"": 151, ""quantity"": 4, ""total_spent"": 182.25, ""purchase_date"": ""2025-01-01 18:42:11"", ""rating"": 2.7, ""return_flag"": true}]"
102,"[{""product_id"": 64, ""quantity"": 5, ""total_spent"": 304.49, ""purchase_date"": ""2025-04-12 19:44:19"", ""rating"": 3.9, ""return_flag"": false}, {""product_id"": 200, ""quantity"": 1, ""total_spent"": 425.47, ""purchase_date"": ""2025-01-31 16:39:57"", ""rating"": 3.6, ""return_flag"": false}]"
103,"[{""product_id"": 131, ""quantity"": 2, ""total_spent"": 376.44, ""purchase_date"": ""2025-03-26 02:52:29"", ""rating"": 2.2, ""return_flag"": true}, {""product_id"": 62, ""quantity"": 4, ""total_spent"": 199.08, ""purchase_date"": ""2025-04-13 10:49:42"", ""rating"": 2.0, ""return_flag"": true}, {""product_id"": 136, ""quantity"": 1, ""total_spent"": 493.57, ""purchase_date"": ""2025-05-09 16:22:29"", ""rating"": 4.7, ""return_flag"": true}, {""product_id"": 100, ""quantity"": 5, ""total_spent"": 216.22, ""purchase_date"": ""2025-10-10 22:11:07"", ""rating"": 3.2, ""return_flag"": true}, {""product_id"": 196, ""quantity"": 4, ""total_spent"": 477.68, ""purchase_date"": ""2025-10-13 14:42:48"", ""rating"": 4.1, ""return_flag"": true}, {""product_id"": 151, ""quantity"": 1, ""total_spent"": 16.76, ""purchase_date"": ""2025-05-05 08:07:21"", ""rating"": 1.9, ""return_flag"": true}]"
104,[]
105,"[{""product_id"": 161, ""quantity"": 5, ""total_spent"": 385.88, ""purchase_date"": ""2025-09-26 14:52:59"", ""rating"": 2.7, ""return_flag"": false}, {""product_id"": 22, ""quantity"": 5, ""total_spent"": 273.45, ""purchase_date"": ""2025-09-28 16:37:16"", ""rating"": 1.6, ""return_flag"": true}, {""product_id"": 80, ""quantity"": 1, ""total_spent"": 260.54, ""purchase_date"": ""2025-02-01 10:39:12"", ""rating"": 1.8, ""return_flag"": true}, {""product_id"": 138, ""quantity"": 3, ""total_spent"": 201.46, ""purchase_date"": ""2025-08-14 09:33:33"", ""rating"": 3.5, ""return_flag"": true}]"
106,"[{""product_id"": 187, ""quantity"": 2, ""total_spent"": 38.37, ""purchase_date"": ""2025-01-05 09:33:10"", ""rating"": 1.3, ""return_flag"": false}, {""product_id"": 30, ""quantity"": 4, ""total_spent"": 310.03, ""purchase_date"": ""2025-07-16 17:09:31"", ""rating"": 1.2, ""return_flag"": true}, {""product_id"": 31, ""quantity"": 1, ""total_spent"": 356.87, ""purchase_date"": ""2025-06-16 01:18:23"", ""rating"": 3.8, ""return_flag"": true}, {""product_id"": 128, ""quantity"": 3, ""total_spent"": 266.27, ""purchase_date"": ""2025-06-02 08:04:46"", ""rating"": 4.1, ""return_flag"": false}, {""product_id"": 43, ""quantity"": 3, ""total_spent"": 72.2, ""purchase_date"": ""2025-02-24 20:17:46"", ""rating"": 4.1, ""return_flag"": false}]"
107,[]
108,"[{""product_id"": 86, ""quantity"": 4, ""total_spent"": 143.27, ""purchase_date"": ""2025-03-06 17:39:35"", ""rating"": 1.3, ""return_flag"": true}, {""product_id"": 128, ""quantity"": 4, ""total_spent"": 260.28, ""purchase_date"": ""2025-10-16 05:15:39"", ""rating"": 1.2, ""return_flag"": true}]"
109,"[{""product_id"": 198, ""quantity"": 1, ""total_spent"": 448.19, ""purchase_date"": ""2025-08-26 01:43:46"", ""rating"": 3.7, ""return_flag"": true}, {""product_id"": 59, ""quantity"": 5, ""total_spent"": 11.26, ""purchase_date"": ""2025-01-17 16:19:20"", ""rating"": 4.4, ""return_flag"": true}, {""product_id"": 63, ""quantity"": 1, ""total_spent"": 241.16, ""purchase_date"": ""2025-07-28 02:53:15"", ""rating"": 2.5, ""return_flag"": true}, {""product_id"": 46, ""quantity"": 1, ""total_spent"": 280.9, ""purchase_date"": ""2025-01-05 12:09:30"", ""rating"": 4.7, ""return_flag"": false}]"
110,"[{""product_id"": 107, ""quantity"": 3, ""total_spent"": 142.92, ""purchase_date"": ""2025-05-09 08:02:39"", ""rating"": 1.3, ""return_flag"": false}, {""product_id"": 31, ""quantity"": 5, ""total_spent"": 339.93, ""purchase_date"": ""2025-02-15 07:17:24"", ""rating"": 1.2, ""return_flag"": true}, {""product_id"": 133, ""quantity"": 1, ""total_spent"": 477.5, ""purchase_date"": ""2025-07-29 13:04:25"", ""rating"": 1.3, ""return_flag"": false}]"
111,[]
112,[]
113,"[{""product_id"": 142, ""quantity"": 4, ""total_spent"": 13.9, ""purchase_date"": ""2025-06-02 22:31:10"", ""rating"": 1.8, ""return_flag"": false}, {""product_id"": 190, ""quantity"": 5, ""total_spent"": 128.87, ""purchase_date"": ""2025-09-01 05:10:51"", ""rating"": 2.5, ""return_flag"": false}]"
114,[]
115,[]
116,[]
117,"[{""product_id"": 39, ""quantity"": 1, ""total_spent"": 466.87, ""purchase_date"": ""2025-10-21 11:42:49"", ""rating"": 1.1, ""return_flag"": false}, {""product_id"": 163, ""quantity"": 1, ""total_spent"": 475.99, ""purchase_date"": ""2025-02-22 03:39:22"", ""rating"": 1.0, ""return_flag"": false}, {""product_id"": 189, ""quantity"": 3, ""total_spent"": 60.94, ""purchase_date"": ""2025-07-27 08:36:07"", ""rating"": 3.1, ""return_flag"": true}]"
118,"[{""product_id"": 37, ""quantity"": 3, ""total_spent"": 55.58, ""purchase_date"": ""2025-05-26 23:20:45"", ""rating"": 4.7, ""return_flag"": false}, {""product_id"": 180, ""quantity"": 3, ""total_spent"": 234.64, ""purchase_date"": ""2025-02-09 08:09:52"", ""rating"": 4.0, ""return_flag"": true}]"
119,"[{""product_id"": 20, ""quantity"": 5, ""total_spent"": 288.23, ""purchase_date"": ""2025-07-06 08:46:06"", ""rating"": 2.7, ""return_flag"": true}, {""product_id"": 61, ""quantity"": 3, ""total_spent"": 137.89, ""purchase_date"": ""2025-04-27 19:15:34"", ""rating"": 2.3, ""return_flag"": false}, {""product_id"": 180, ""quantity"": 3, ""total_spent"": 165.85, ""purchase_date"": ""2025-07-05 07:29:40"", ""rating"": 2.1, ""return_flag"": true}, {""product_id"": 52, ""quantity"": 2, ""total_spent"": 392.17, ""purchase_date"": ""2025-04-05 05:00:44"", ""rating"": 3.3, ""return_flag"": true}, {""product_id"": 28, ""quantity"": 2, ""total_spent"": 230.29, ""purchase_date"": ""2025-03-30 19:19:06"", ""rating"": 2.3, ""return_flag"": true}]"
120,"[{""product_id"": 116, ""quantity"": 3, ""total_spent"": 237.04, ""purchase_date"": ""2025-08-11 21:55:24"", ""rating"": 4.4, ""return_flag"": true}, {""product_id"": 41, ""quantity"": 3, ""total_spent"": 414.93, ""purchase_date"": ""2025-03-02 05:49:39"", ""rating"": 3.8, ""return_flag"": true}, {""product_id"": 56, ""quantity"": 3, ""total_spent"": 82.68, ""purchase_date"": ""2025-07-31 05:52:46"", ""rating"": 3.8, ""return_flag"": false}]"
121,"[{""product_id"": 174, ""quantity"": 3, ""total_spent"": 137.48, ""purchase_date"": ""2025-08-29 06:52:05"", ""rating"": 5.0, ""return_flag"": true}, {""product_id"": 104, ""quantity"": 4, ""total_spent"": 282.42, ""purchase_date"": ""2025-04-15 01:54:08"", ""rating"": 3.2, ""return_flag"": true}]"
122,"[{""product_id"": 32, ""quantity"": 1, ""total_spent"": 40.22, ""purchase_date"": ""2025-09-28 14:56:49"", ""rating"": 4.1, ""return_flag"": true}, {""product_id"": 34, ""quantity"": 2, ""total_spent"": 413.6, ""purchase_date"": ""2025-04-12 06:40:13"", ""rating"": 2.5, ""return_flag"": true}, {""product_id"": 150, ""quantity"": 5, ""total_spent"": 136.82, ""purchase_date"": ""2025-05-29 19:37:31"", ""rating"": 4.3, ""return_flag"": true}]"
123,[]
124,"[{""product_id"": 33, ""quantity"": 1, ""total_spent"": 453.49, ""purchase_date"": ""2025-06-12 23:35:57"", ""rating"": 4.3, ""return_flag"": false}, {""product_id"": 32, ""quantity"": 1, ""total_spent"": 471.72, ""purchase_date"": ""2025-07-17 03:18:31"", ""rating"": 1.2, ""return_flag"": false}, {""product_id"": 186, ""quantity"": 4, ""total_spent"": 253.1, ""purchase_date"": ""2025-02-22 06:22:49"", ""rating"": 2.5, ""return_flag"": false}, {""product_id"": 45, ""quantity"": 3, ""total_spent"": 115.21, ""purchase_date"": ""2025-05-24 14:29:21"", ""rating"": 1.7, ""return_flag"": false}, {""product_id"": 115, ""quantity"": 2, ""total_spent"": 26.98, ""purchase_date"": ""2025-01-18 01:04:47"", ""rating"": 3.5, ""return_flag"": true}]"
125,"[{""product_id"": 106, ""quantity"": 5, ""total_spent"": 244.73, ""purchase_date"": ""2025-01-06 02:07:10"", ""rating"": 1.4, ""return_flag"": false}, {""product_id"": 36, ""quantity"": 4, ""total_spent"": 107.73, ""purchase_date"": ""2025-03-21 18:07:53"", ""rating"": 4.5, ""return_flag"": true}, {""product_id"": 162, ""quantity"": 5, ""total_spent"": 399.47, ""purchase_date"": ""2025-03-14 07:52:40"", ""rating"": 5.0, ""return_flag"": false}, {""product_id"": 123, ""quantity"": 5, ""total_spent"": 392.9, ""purchase_date"": ""2025-06-01 14:34:37"", ""rating"": 2.4, ""return_flag"": false}, {""product_id"": 100, ""quantity"": 3, ""total_spent"": 98.11, ""purchase_date"": ""2025-02-24 23:06:08"", ""rating"": 2.3, ""return_flag"": true}]"
126,"[{""product_id"": 15, ""quantity"": 4, ""total_spent"": 269.42, ""purchase_date"": ""2025-05-18 15:46:24"", ""rating"": 4.1, ""return_flag"": true}, {""product_id"": 41, ""quantity"": 1, ""total_spent"": 131.45, ""purchase_date"": ""2025-02-01 04:25:25"", ""rating"": 2.0, ""return_flag"": true}, {""product_id"": 196, ""quantity"": 2, ""total_spent"": 292.09, ""purchase_date"": ""2025-03-31 15:32:44"", ""rating"": 4.9, ""return_flag"": false}, {""product_id"": 91, ""quantity"": 2, ""total_spent"": 96.29, ""purchase_date"": ""2025-10-27 08:10:54"", ""rating"": 3.4, ""return_flag"": false}]"
127,[]
128,"[{""product_id"": 146, ""quantity"": 5, ""total_spent"": 79.63, ""purchase_date"": ""2025-09-09 08:51:37"", ""rating"": 4.8, ""return_flag"": false}, {""product_id"": 139, ""quantity"": 3, ""total_spent"": 96.02, ""purchase_date"": ""2025-06-07 10:19:34"", ""rating"": 1.2, ""return_flag"": true}, {""product_id"": 60, ""quantity"": 5, ""total_spent"": 117.22, ""purchase_date"": ""2025-07-25 22:20:18"", ""rating"": 3.1, ""return_flag"": true}, {""product_id"": 85, ""quantity"": 5, ""total_spent"": 108.72, ""purchase_date"": ""2025-07-09 17:47:25"", ""rating"": 1.5, ""return_flag"": true}]"
129,[]
130,[]
131,"[{""product_id"": 38, ""quantity"": 5, ""total_spent"": 355.3, ""purchase_date"": ""2025-06-25 15:09:55"", ""rating"": 1.6, ""return_flag"": true}, {""product_id"": 135, ""quantity"": 3, ""total_spent"": 480.67, ""purchase_date"": ""2025-07-11 12:47:56"", ""rating"": 2.5, ""return_flag"": false}]"
132,"[{""product_id"": 78, ""quantity"": 3, ""total_spent"": 76.86, ""purchase_date"": ""2025-01-05 10:11:52"", ""rating"": 1.6, ""return_flag"": false}, {""product_id"": 164, ""quantity"": 4, ""total_spent"": 328.1, ""purchase_date"": ""2025-05-21 00:24:37"", ""rating"": 1.7, ""return_flag"": false}, {""product_id"": 58, ""quantity"": 5, ""total_spent"": 409.08, ""purchase_date"": ""2025-07-07 10:02:15"", ""rating"": 2.5, ""return_flag"": false}, {""product_id"": 33, ""quantity"": 2, ""total_spent"": 367.13, ""purchase_date"": ""2025-01-30 23:01:37"", ""rating"": 4.8, ""return_flag"": false}]"
133,[]
134,[]
135,"[{""product_id"": 155, ""quantity"": 3, ""total_spent"": 461.31, ""purchase_date"": ""2025-04-04 19:10:16"", ""rating"": 4.9, ""return_flag"": true}, {""product_id"": 164, ""quantity"": 5, ""total_spent"": 61.01, ""purchase_date"": ""2025-10-16 03:59:04"", ""rating"": 3.0, ""return_flag"": false}, {""product_id"": 191, ""quantity"": 1, ""total_spent"": 126.62, ""purchase_date"": ""2025-02-28 15:21:18"", ""rating"": 4.9, ""return_flag"": true}]"
136,"[{""product_id"": 182, ""quantity"": 3, ""total_spent"": 228.85, ""purchase_date"": ""2025-03-30 01:18:51"", ""rating"": 2.1, ""return_flag"": true}, {""product_id"": 178, ""quantity"": 1, ""total_spent"": 181.74, ""purchase_date"": ""2025-10-02 19:37:24"", ""rating"": 4.1, ""return_flag"": true}]"
137,"[{""product_id"": 188, ""quantity"": 4, ""total_spent"": 484.86, ""purchase_date"": ""2025-09-29 07:39:24"", ""rating"": 4.5, ""return_flag"": false}, {""product_id"": 97, ""quantity"": 3, ""total_spent"": 277.55, ""purchase_date"": ""2025-04-01 08:27:28"", ""rating"": 1.4, ""return_flag"": false}, {""product_id"": 148, ""quantity"": 2, ""total_spent"": 89.7, ""purchase_date"": ""2025-07-20 09:52:19"", ""rating"": 1.3, ""return_flag"": true}, {""product_id"": 76, ""quantity"": 1, ""total_spent"": 166.17, ""purchase_date"": ""2025-07-30 03:53:25"", ""rating"": 4.8, ""return_flag"": true}, {""product_id"": 88, ""quantity"": 2, ""total_spent"": 445.09, ""purchase_date"": ""2025-09-07 13:17:09"", ""rating"": 1.6, ""return_flag"": true}]"
138,"[{""product_id"": 87, ""quantity"": 5, ""total_spent"": 492.79, ""purchase_date"": ""2025-09-10 01:50:09"", ""rating"": 4.6, ""return_flag"": true}, {""product_id"": 111, ""quantity"": 2, ""total_spent"": 307.59, ""purchase_date"": ""2025-03-30 23:12:49"", ""rating"": 2.7, ""return_flag"": true}]"
139,"[{""product_id"": 49, ""quantity"": 4, ""total_spent"": 351.63, ""purchase_date"": ""2025-02-14 19:27:01"", ""rating"": 3.9, ""return_flag"": false}, {""product_id"": 170, ""quantity"": 3, ""total_spent"": 155.73, ""purchase_date"": ""2025-03-17 04:34:36"", ""rating"": 1.4, ""return_flag"": false}, {""product_id"": 147, ""quantity"": 5, ""total_spent"": 421.53, ""purchase_date"": ""2025-09-10 21:18:08"", ""rating"": 1.6, ""return_flag"": false}]"
140,"[{""product_id"": 76, ""quantity"": 5, ""total_spent"": 245.36, ""purchase_date"": ""2025-06-01 19:56:06"", ""rating"": 1.4, ""return_flag"": true}, {""product_id"": 44, ""quantity"": 3, ""total_spent"": 488.76, ""purchase_date"": ""2025-01-31 11:16:32"", ""rating"": 2.9, ""return_flag"": true}]"
141,"[{""product_id"": 121, ""quantity"": 4, ""total_spent"": 448.49, ""purchase_date"": ""2025-08-15 19:29:26"", ""rating"": 2.1, ""return_flag"": false}, {""product_id"": 48, ""quantity"": 3, ""total_spent"": 443.89, ""purchase_date"": ""2025-09-02 08:26:36"", ""rating"": 2.5, ""return_flag"": false}, {""product_id"": 12, ""quantity"": 3, ""total_spent"": 225.47, ""purchase_date"": ""2025-04-06 19:23:22"", ""rating"": 2.1, ""return_flag"": false}, {""product_id"": 145, ""quantity"": 1, ""total_spent"": 84.05, ""purchase_date"": ""2025-10-23 21:54:25"", ""rating"": 3.8, ""return_flag"": true}, {""product_id"": 22, ""quantity"": 3, ""total_spent"": 406.01, ""purchase_date"": ""2025-06-14 21:53:16"", ""rating"": 2.7, ""return_flag"": true}]"
142,"[{""product_id"": 134, ""quantity"": 4, ""total_spent"": 483.16, ""purchase_date"": ""2025-09-24 12:11:14"", ""rating"": 3.7, ""return_flag"": false}, {""product_id"": 147, ""quantity"": 2, ""total_spent"": 243.37, ""purchase_date"": ""2025-09-12 02:09:39"", ""rating"": 1.3, ""return_flag"": true}, {""product_id"": 129, ""quantity"": 5, ""total_spent"": 451.22, ""purchase_date"": ""2025-01-28 15:35:56"", ""rating"": 4.2, ""return_flag"": true}, {""product_id"": 31, ""quantity"": 4, ""total_spent"": 94.71, ""purchase_date"": ""2025-10-19 15:53:34"", ""rating"": 4.9, ""return_flag"": true}, {""product_id"": 50, ""quantity"": 2, ""total_spent"": 30.91, ""purchase_date"": ""2025-01-16 15:03:50"", ""rating"": 1.3, ""return_flag"": false}]"
143,"[{""product_id"": 153, ""quantity"": 3, ""total_spent"": 166.68, ""purchase_date"": ""2025-05-09 21:42:19"", ""rating"": 3.9, ""return_flag"": true}, {""product_id"": 23, ""quantity"": 4, ""total_spent"": 282.62, ""purchase_date"": ""2025-08-25 05:26:07"", ""rating"": 3.2, ""return_flag"": false}, {""product_id"": 134, ""quantity"": 4, ""total_spent"": 459.41, ""purchase_date"": ""2025-07-28 01:24:52"", ""rating"": 1.0, ""return_flag"": false}]"
144,"[{""product_id"": 38, ""quantity"": 5, ""total_spent"": 298.09, ""purchase_date"": ""2025-01-12 03:45:19"", ""rating"": 4.0, ""return_flag"": true}, {""product_id"": 28, ""quantity"": 5, ""total_spent"": 391.98, ""purchase_date"": ""2025-09-08 17:12:10"", ""rating"": 4.1, ""return_flag"": false}, {""product_id"": 106, ""quantity"": 3, ""total_spent"": 197.69, ""purchase_date"": ""2025-06-08 02:39:03"", ""rating"": 2.9, ""return_flag"": false}]"
145,"[{""product_id"": 104, ""quantity"": 2, ""total_spent"": 312.94, ""purchase_date"": ""2025-10-20 23:27:00"", ""rating"": 3.7, ""return_flag"": false}, {""product_id"": 10, ""quantity"": 4, ""total_spent"": 445.89, ""purchase_date"": ""2025-06-14 11:50:33"", ""rating"": 2.3, ""return_flag"": true}, {""product_id"": 13, ""quantity"": 4, ""total_spent"": 461.21, ""purchase_date"": ""2025-07-10 00:38:49"", ""rating"": 4.6, ""return_flag"": true}, {""product_id"": 87, ""quantity"": 3, ""total_spent"": 162.37, ""purchase_date"": ""2025-03-18 19:36:34"", ""rating"": 4.4, ""return_flag"": true}]"
146,[]
147,"[{""product_id"": 191, ""quantity"": 4, ""total_spent"": 389.28, ""purchase_date"": ""2025-09-25 00:17:15"", ""rating"": 2.3, ""return_flag"": false}, {""product_id"": 155, ""quantity"": 1, ""total_spent"": 102.09, ""purchase_date"": ""2025-10-26 21:14:55"", ""rating"": 1.8, ""return_flag"": false}, {""product_id"": 190, ""quantity"": 4, ""total_spent"": 382.15, ""purchase_date"": ""2025-02-19 13:01:35"", ""rating"": 4.5, ""return_flag"": true}, {""product_id"": 132, ""quantity"": 2, ""total_spent"": 42.15, ""purchase_date"": ""2025-01-06 16:11:09"", ""rating"": 3.8, ""return_flag"": false}]"
148,"[{""product_id"": 146, ""quantity"": 1, ""total_spent"": 95.13, ""purchase_date"": ""2025-01-14 08:22:33"", ""rating"": 4.5, ""return_flag"": true}, {""product_id"": 15, ""quantity"": 2, ""total_spent"": 26.2, ""purchase_date"": ""2025-02-27 09:33:22"", ""rating"": 1.2, ""return_flag"": false}, {""product_id"": 181, ""quantity"": 2, ""total_spent"": 144.25, ""purchase_date"": ""2025-01-31 09:50:55"", ""rating"": 4.3, ""return_flag"": false}, {""product_id"": 163, ""quantity"": 1, ""total_spent"": 343.78, ""purchase_date"": ""2025-04-21 19:49:35"", ""rating"": 2.0, ""return_flag"": false}, {""product_id"": 153, ""quantity"": 4, ""total_spent"": 97.02, ""purchase_date"": ""2025-03-03 10:15:36"", ""rating"": 4.5, ""return_flag"": false}, {""product_id"": 89, ""quantity"": 2, ""total_spent"": 420.45, ""purchase_date"": ""2025-03-22 16:50:53"", ""rating"": 2.0, ""return_flag"": true}]"
149,"[{""product_id"": 13, ""quantity"": 2, ""total_spent"": 428.37, ""purchase_date"": ""2025-01-29 20:43:15"", ""rating"": 4.1, ""return_flag"": true}, {""product_id"": 57, ""quantity"": 2, ""total_spent"": 342.07, ""purchase_date"": ""2025-04-26 01:16:20"", ""rating"": 2.1, ""return_flag"": false}, {""product_id"": 132, ""quantity"": 1, ""total_spent"": 433.67, ""purchase_date"": ""2025-11-01 15:10:31"", ""rating"": 4.9, ""return_flag"": true}, {""product_id"": 122, ""quantity"": 2, ""total_spent"": 327.21, ""purchase_date"": ""2025-07-08 20:34:43"", ""rating"": 3.4, ""return_flag"": true}, {""product_id"": 58, ""quantity"": 3, ""total_spent"": 308.09, ""purchase_date"": ""2025-03-31 18:19:31"", ""rating"": 4.8, ""return_flag"": false}]"
150,"[{""product_id"": 90, ""quantity"": 4, ""total_spent"": 133.48, ""purchase_date"": ""2025-09-06 11:28:44"", ""rating"": 2.9, ""return_flag"": false}, {""product_id"": 150, ""quantity"": 1, ""total_spent"": 13.6, ""purchase_date"": ""2025-10-12 07:41:01"", ""rating"": 5.0, ""return_flag"": false}, {""product_id"": 144, ""quantity"": 5, ""total_spent"": 308.43, ""purchase_date"": ""2025-11-01 04:23:27"", ""rating"": 2.2, ""return_flag"": true}, {""product_id"": 124, ""quantity"": 1, ""total_spent"": 174.78, ""purchase_date"": ""2025-03-23 08:18:40"", ""rating"": 2.1, ""return_flag"": false}, {""product_id"": 71, ""quantity"": 3, ""total_spent"": 331.5, ""purchase_date"": ""2025-04-16 00:03:05"", ""rating"": 4.8, ""return_flag"": false}]"
151,"[{""product_id"": 196, ""quantity"": 2, ""total_spent"": 450.85, ""purchase_date"": ""2025-02-20 14:06:39"", ""rating"": 4.2, ""return_flag"": false}, {""product_id"": 170, ""quantity"": 3, ""total_spent"": 343.57, ""purchase_date"": ""2025-02-10 20:38:16"", ""rating"": 3.9, ""return_flag"": false}, {""product_id"": 76, ""quantity"": 3, ""total_spent"": 454.39, ""purchase_date"": ""2025-01-18 20:04:01"", ""rating"": 2.6, ""return_flag"": true}, {""product_id"": 150, ""quantity"": 5, ""total_spent"": 409.85, ""purchase_date"": ""2025-07-30 15:24:03"", ""rating"": 2.4, ""return_flag"": true}, {""product_id"": 176, ""quantity"": 5, ""total_spent"": 322.77, ""purchase_date"": ""2025-09-13 23:40:38"", ""rating"": 2.9, ""return_flag"": false}, {""product_id"": 130, ""quantity"": 3, ""total_spent"": 424.26, ""purchase_date"": ""2025-04-04 19:12:48"", ""rating"": 4.4, ""return_flag"": true}]"
152,"[{""product_id"": 33, ""quantity"": 3, ""total_spent"": 365.34, ""purchase_date"": ""2025-03-28 18:38:45"", ""rating"": 3.2, ""return_flag"": true}, {""product_id"": 175, ""quantity"": 3, ""total_spent"": 330.67, ""purchase_date"": ""2025-10-24 14:24:31"", ""rating"": 1.9, ""return_flag"": true}, {""product_id"": 191, ""quantity"": 3, ""total_spent"": 216.03, ""purchase_date"": ""2025-04-01 08:38:57"", ""rating"": 4.5, ""return_flag"": false}, {""product_id"": 67, ""quantity"": 5, ""total_spent"": 154.09, ""purchase_date"": ""2025-01-31 09:39:56"", ""rating"": 4.4, ""return_flag"": false}, {""product_id"": 14, ""quantity"": 5, ""total_spent"": 294.35, ""purchase_date"": ""2025-02-05 06:32:09"", ""rating"": 3.5, ""return_flag"": false}]"
153,[]
154,"[{""product_id"": 136, ""quantity"": 3, ""total_spent"": 212.42, ""purchase_date"": ""2025-01-21 09:26:21"", ""rating"": 4.5, ""return_flag"": true}, {""product_id"": 36, ""quantity"": 2, ""total_spent"": 177.91, ""purchase_date"": ""2025-06-23 04:04:09"", ""rating"": 4.9, ""return_flag"": false}, {""product_id"": 37, ""quantity"": 3, ""total_spent"": 432.57, ""purchase_date"": ""2025-06-29 19:01:08"", ""rating"": 1.7, ""return_flag"": true}, {""product_id"": 125, ""quantity"": 3, ""total_spent"": 319.21, ""purchase_date"": ""2025-06-09 06:18:48"", ""rating"": 1.7, ""return_flag"": true}, {""product_id"": 2, ""quantity"": 4, ""total_spent"": 144.03, ""purchase_date"": ""2025-07-20 09:00:47"", ""rating"": 4.0, ""return_flag"": true}]"
155,"[{""product_id"": 126, ""quantity"": 1, ""total_spent"": 73.41, ""purchase_date"": ""2025-06-05 10:11:53"", ""rating"": 2.7, ""return_flag"": false}, {""product_id"": 104, ""quantity"": 4, ""total_spent"": 483.01, ""purchase_date"": ""2025-07-10 16:21:58"", ""rating"": 2.5, ""return_flag"": true}, {""product_id"": 137, ""quantity"": 2, ""total_spent"": 368.02, ""purchase_date"": ""2025-10-17 22:16:37"", ""rating"": 4.8, ""return_flag"": false}]"
156,[]
157,"[{""product_id"": 174, ""quantity"": 1, ""total_spent"": 317.08, ""purchase_date"": ""2025-04-15 15:25:29"", ""rating"": 2.0, ""return_flag"": false}, {""product_id"": 80, ""quantity"": 2, ""total_spent"": 60.33, ""purchase_date"": ""2025-05-11 16:14:29"", ""rating"": 3.0, ""return_flag"": false}]"
158,"[{""product_id"": 77, ""quantity"": 3, ""total_spent"": 233.4, ""purchase_date"": ""2025-02-15 15:21:34"", ""rating"": 3.1, ""return_flag"": false}, {""product_id"": 112, ""quantity"": 2, ""total_spent"": 177.94, ""purchase_date"": ""2025-06-02 18:02:44"", ""rating"": 4.6, ""return_flag"": false}]"
159,[]
160,"[{""product_id"": 5, ""quantity"": 2, ""total_spent"": 119.92, ""purchase_date"": ""2025-01-10 05:57:27"", ""rating"": 4.9, ""return_flag"": true}, {""product_id"": 188, ""quantity"": 1, ""total_spent"": 298.95, ""purchase_date"": ""2025-01-07 16:20:21"", ""rating"": 1.7, ""return_flag"": false}, {""product_id"": 183, ""quantity"": 1, ""total_spent"": 193.84, ""purchase_date"": ""2025-04-15 13:50:54"", ""rating"": 3.6, ""return_flag"": true}, {""product_id"": 153, ""quantity"": 1, ""total_spent"": 334.37, ""purchase_date"": ""2025-09-03 01:50:41"", ""rating"": 3.6, ""return_flag"": true}, {""product_id"": 13, ""quantity"": 1, ""total_spent"": 214.22, ""purchase_date"": ""2025-10-30 04:25:49"", ""rating"": 2.5, ""return_flag"": false}]"
161,"[{""product_id"": 53, ""quantity"": 1, ""total_spent"": 157.55, ""purchase_date"": ""2025-10-17 00:52:30"", ""rating"": 3.6, ""return_flag"": false}, {""product_id"": 160, ""quantity"": 5, ""total_spent"": 353.36, ""purchase_date"": ""2025-09-30 22:11:14"", ""rating"": 2.7, ""return_flag"": true}, {""product_id"": 131, ""quantity"": 5, ""total_spent"": 67.69, ""purchase_date"": ""2025-03-03 13:09:42"", ""rating"": 1.5, ""return_flag"": true}]"
162,"[{""product_id"": 52, ""quantity"": 3, ""total_spent"": 417.43, ""purchase_date"": ""2025-01-30 13:57:18"", ""rating"": 4.9, ""return_flag"": false}, {""product_id"": 181, ""quantity"": 4, ""total_spent"": 154.72, ""purchase_date"": ""2025-08-04 02:51:36"", ""rating"": 1.2, ""return_flag"": false}, {""product_id"": 54, ""quantity"": 4, ""total_spent"": 172.0, ""purchase_date"": ""2025-11-01 06:28:40"", ""rating"": 1.0, ""return_flag"": true}, {""product_id"": 29, ""quantity"": 5, ""total_spent"": 337.82, ""purchase_date"": ""2025-10-15 09:11:59"", ""rating"": 1.6, ""return_flag"": true}, {""product_id"": 200, ""quantity"": 5, ""total_spent"": 46.77, ""purchase_date"": ""2025-10-06 10:22:11"", ""rating"": 3.9, ""return_flag"": false}, {""product_id"": 165, ""quantity"": 2, ""total_spent"": 233.81, ""purchase_date"": ""2025-04-19 12:26:55"", ""rating"": 4.9, ""return_flag"": false}]"
163,"[{""product_id"": 45, ""quantity"": 1, ""total_spent"": 427.6, ""purchase_date"": ""2025-04-27 05:30:09"", ""rating"": 2.4, ""return_flag"": false}, {""product_id"": 110, ""quantity"": 1, ""total_spent"": 56.55, ""purchase_date"": ""2025-01-28 18:44:38"", ""rating"": 4.0, ""return_flag"": true}]"
164,"[{""product_id"": 170, ""quantity"": 2, ""total_spent"": 171.04, ""purchase_date"": ""2025-10-04 06:54:01"", ""rating"": 4.6, ""return_flag"": false}, {""product_id"": 188, ""quantity"": 1, ""total_spent"": 192.58, ""purchase_date"": ""2025-10-27 18:44:33"", ""rating"": 2.4, ""return_flag"": true}, {""product_id"": 103, ""quantity"": 4, ""total_spent"": 481.53, ""purchase_date"": ""2025-01-03 04:36:51"", ""rating"": 2.1, ""return_flag"": false}]"
165,"[{""product_id"": 108, ""quantity"": 2, ""total_spent"": 65.4, ""purchase_date"": ""2025-05-22 02:02:38"", ""rating"": 3.8, ""return_flag"": true}, {""product_id"": 41, ""quantity"": 1, ""total_spent"": 213.85, ""purchase_date"": ""2025-02-04 00:05:03"", ""rating"": 3.4, ""return_flag"": false}, {""product_id"": 47, ""quantity"": 5, ""total_spent"": 196.08, ""purchase_date"": ""2025-07-03 00:41:26"", ""rating"": 2.4, ""return_flag"": true}, {""product_id"": 176, ""quantity"": 2, ""total_spent"": 246.71, ""purchase_date"": ""2025-10-23 17:21:05"", ""rating"": 3.0, ""return_flag"": false}, {""product_id"": 113, ""quantity"": 1, ""total_spent"": 41.03, ""purchase_date"": ""2025-07-10 07:28:08"", ""rating"": 3.6, ""return_flag"": true}]"
166,[]
167,"[{""product_id"": 186, ""quantity"": 5, ""total_spent"": 119.75, ""purchase_date"": ""2025-02-01 02:50:57"", ""rating"": 4.8, ""return_flag"": false}, {""product_id"": 133, ""quantity"": 5, ""total_spent"": 347.24, ""purchase_date"": ""2025-05-17 12:49:06"", ""rating"": 3.5, ""return_flag"": false}, {""product_id"": 170, ""quantity"": 2, ""total_spent"": 246.15, ""purchase_date"": ""2025-08-24 17:53:23"", ""rating"": 3.7, ""return_flag"": false}, {""product_id"": 39, ""quantity"": 5, ""total_spent"": 447.11, ""purchase_date"": ""2025-03-07 12:54:58"", ""rating"": 3.5, ""return_flag"": true}, {""product_id"": 165, ""quantity"": 2, ""total_spent"": 257.73, ""purchase_date"": ""2025-08-09 12:45:28"", ""rating"": 2.9, ""return_flag"": false}, {""product_id"": 43, ""quantity"": 1, ""total_spent"": 378.2, ""purchase_date"": ""2025-10-27 11:11:49"", ""rating"": 2.3, ""return_flag"": false}]"
168,[]
169,"[{""product_id"": 141, ""quantity"": 4, ""total_spent"": 207.61, ""purchase_date"": ""2025-08-02 13:20:14"", ""rating"": 1.9, ""return_flag"": false}, {""product_id"": 114, ""quantity"": 5, ""total_spent"": 229.57, ""purchase_date"": ""2025-03-07 05:03:12"", ""rating"": 4.4, ""return_flag"": false}, {""product_id"": 81, ""quantity"": 1, ""total_spent"": 490.53, ""purchase_date"": ""2025-01-19 01:28:15"", ""rating"": 4.0, ""return_flag"": true}]"
170,"[{""product_id"": 10, ""quantity"": 5, ""total_spent"": 279.06, ""purchase_date"": ""2025-04-04 00:58:35"", ""rating"": 4.3, ""return_flag"": false}, {""product_id"": 131, ""quantity"": 5, ""total_spent"": 111.36, ""purchase_date"": ""2025-01-01 19:28:17"", ""rating"": 3.7, ""return_flag"": false}, {""product_id"": 94, ""quantity"": 1, ""total_spent"": 410.13, ""purchase_date"": ""2025-06-04 14:59:15"", ""rating"": 4.4, ""return_flag"": false}, {""product_id"": 144, ""quantity"": 5, ""total_spent"": 303.98, ""purchase_date"": ""2025-07-13 13:43:50"", ""rating"": 3.9, ""return_flag"": false}, {""product_id"": 184, ""quantity"": 4, ""total_spent"": 65.87, ""purchase_date"": ""2025-01-29 05:40:02"", ""rating"": 4.0, ""return_flag"": true}]"
171,"[{""product_id"": 163, ""quantity"": 3, ""total_spent"": 278.37, ""purchase_date"": ""2025-04-21 22:39:37"", ""rating"": 2.5, ""return_flag"": true}, {""product_id"": 12, ""quantity"": 2, ""total_spent"": 251.29, ""purchase_date"": ""2025-08-25 02:11:55"", ""rating"": 4.3, ""return_flag"": false}, {""product_id"": 28, ""quantity"": 3, ""total_spent"": 309.32, ""purchase_date"": ""2025-03-31 07:12:55"", ""rating"": 1.8, ""return_flag"": false}, {""product_id"": 56, ""quantity"": 4, ""total_spent"": 414.03, ""purchase_date"": ""2025-05-09 13:56:45"", ""rating"": 1.8, ""return_flag"": false}]"
172,"[{""product_id"": 12, ""quantity"": 5, ""total_spent"": 70.38, ""purchase_date"": ""2025-10-24 20:33:45"", ""rating"": 4.6, ""return_flag"": false}, {""product_id"": 169, ""quantity"": 5, ""total_spent"": 478.53, ""purchase_date"": ""2025-04-28 19:55:23"", ""rating"": 1.5, ""return_flag"": false}, {""product_id"": 2, ""quantity"": 5, ""total_spent"": 370.74, ""purchase_date"": ""2025-05-04 09:34:31"", ""rating"": 3.2, ""return_flag"": false}, {""product_id"": 150, ""quantity"": 4, ""total_spent"": 462.94, ""purchase_date"": ""2025-05-12 01:59:42"", ""rating"": 4.1, ""return_flag"": true}, {""product_id"": 178, ""quantity"": 5, ""total_spent"": 95.09, ""purchase_date"": ""2025-07-18 16:55:09"", ""rating"": 4.3, ""return_flag"": true}]"
173,"[{""product_id"": 156, ""quantity"": 3, ""total_spent"": 257.01, ""purchase_date"": ""2025-01-03 09:35:18"", ""rating"": 2.5, ""return_flag"": true}, {""product_id"": 71, ""quantity"": 4, ""total_spent"": 482.16, ""purchase_date"": ""2025-08-03 11:15:06"", ""rating"": 4.9, ""return_flag"": false}, {""product_id"": 35, ""quantity"": 2, ""total_spent"": 212.25, ""purchase_date"": ""2025-10-04 04:31:35"", ""rating"": 3.8, ""return_flag"": false}, {""product_id"": 180, ""quantity"": 5, ""total_spent"": 431.75, ""purchase_date"": ""2025-04-17 12:06:19"", ""rating"": 3.8, ""return_flag"": true}, {""product_id"": 52, ""quantity"": 2, ""total_spent"": 315.84, ""purchase_date"": ""2025-09-06 01:52:43"", ""rating"": 2.2, ""return_flag"": false}, {""product_id"": 173, ""quantity"": 2, ""total_spent"": 490.85, ""purchase_date"": ""2025-10-02 07:06:23"", ""rating"": 3.6, ""return_flag"": true}]"
174,"[{""product_id"": 182, ""quantity"": 1, ""total_spent"": 382.78, ""purchase_date"": ""2025-01-21 17:13:37"", ""rating"": 3.2, ""return_flag"": false}, {""product_id"": 173, ""quantity"": 5, ""total_spent"": 150.1, ""purchase_date"": ""2025-09-29 11:43:40"", ""rating"": 4.4, ""return_flag"": true}, {""product_id"": 134, ""quantity"": 1, ""total_spent"": 22.38, ""purchase_date"": ""2025-02-25 12:46:05"", ""rating"": 1.6, ""return_flag"": true}, {""product_id"": 52, ""quantity"": 3, ""total_spent"": 377.59, ""purchase_date"": ""2025-09-04 11:35:35"", ""rating"": 1.6, ""return_flag"": false}]"
175,"[{""product_id"": 16, ""quantity"": 3, ""total_spent"": 109.96, ""purchase_date"": ""2025-10-17 09:36:57"", ""rating"": 3.2, ""return_flag"": false}, {""product_id"": 116, ""quantity"": 1, ""total_spent"": 311.89, ""purchase_date"": ""2025-07-22 11:06:11"", ""rating"": 3.7, ""return_flag"": true}, {""product_id"": 191, ""quantity"": 5, ""total_spent"": 200.55, ""purchase_date"": ""2025-05-19 12:05:10"", ""rating"": 3.0, ""return_flag"": false}]"
176,"[{""product_id"": 98, ""quantity"": 4, ""total_spent"": 214.12, ""purchase_date"": ""2025-10-01 08:04:36"", ""rating"": 4.2, ""return_flag"": false}, {""product_id"": 142, ""quantity"": 1, ""total_spent"": 16.35, ""purchase_date"": ""2025-04-26 11:41:21"", ""rating"": 2.0, ""return_flag"": false}]"
177,[]
178,[]
179,[]
180,"[{""product_id"": 140, ""quantity"": 5, ""total_spent"": 106.27, ""purchase_date"": ""2025-06-11 15:46:10"", ""rating"": 3.9, ""return_flag"": true}, {""product_id"": 76, ""quantity"": 4, ""total_spent"": 96.94, ""purchase_date"": ""2025-07-16 12:54:44"", ""rating"": 3.7, ""return_flag"": true}, {""product_id"": 45, ""quantity"": 5, ""total_spent"": 68.48, ""purchase_date"": ""2025-05-07 05:55:17"", ""rating"": 1.2, ""return_flag"": false}, {""product_id"": 143, ""quantity"": 3, ""total_spent"": 73.73, ""purchase_date"": ""2025-10-10 20:01:37"", ""rating"": 3.3, ""return_flag"": false}, {""product_id"": 2, ""quantity"": 3, ""total_spent"": 238.5, ""purchase_date"": ""2025-04-24 17:39:15"", ""rating"": 4.7, ""return_flag"": true}, {""product_id"": 40, ""quantity"": 3, ""total_spent"": 302.47, ""purchase_date"": ""2025-09-27 05:44:43"", ""rating"": 4.1, ""return_flag"": false}]"
181,"[{""product_id"": 141, ""quantity"": 3, ""total_spent"": 45.71, ""purchase_date"": ""2025-03-30 18:29:43"", ""rating"": 3.8, ""return_flag"": true}, {""product_id"": 48, ""quantity"": 5, ""total_spent"": 43.41, ""purchase_date"": ""2025-04-09 03:03:15"", ""rating"": 3.0, ""return_flag"": false}, {""product_id"": 140, ""quantity"": 5, ""total_spent"": 207.67, ""purchase_date"": ""2025-07-31 13:56:54"", ""rating"": 2.4, ""return_flag"": true}, {""product_id"": 170, ""quantity"": 3, ""total_spent"": 172.22, ""purchase_date"": ""2025-04-30 03:40:17"", ""rating"": 2.2, ""return_flag"": false}, {""product_id"": 144, ""quantity"": 1, ""total_spent"": 66.21, ""purchase_date"": ""2025-03-05 06:38:39"", ""rating"": 2.4, ""return_flag"": true}, {""product_id"": 165, ""quantity"": 5, ""total_spent"": 460.12, ""purchase_date"": ""2025-06-02 13:33:40"", ""rating"": 2.0, ""return_flag"": true}]"
182,"[{""product_id"": 98, ""quantity"": 1, ""total_spent"": 199.08, ""purchase_date"": ""2025-06-15 02:52:50"", ""rating"": 3.2, ""return_flag"": false}, {""product_id"": 7, ""quantity"": 5, ""total_spent"": 412.83, ""purchase_date"": ""2025-04-21 12:32:23"", ""rating"": 2.5, ""return_flag"": false}, {""product_id"": 125, ""quantity"": 1, ""total_spent"": 155.25, ""purchase_date"": ""2025-10-26 06:21:53"", ""rating"": 3.6, ""return_flag"": false}, {""product_id"": 132, ""quantity"": 1, ""total_spent"": 474.62, ""purchase_date"": ""2025-01-09 12:53:26"", ""rating"": 1.7, ""return_flag"": true}]"
183,"[{""product_id"": 172, ""quantity"": 2, ""total_spent"": 433.83, ""purchase_date"": ""2025-06-12 09:42:12"", ""rating"": 2.7, ""return_flag"": true}, {""product_id"": 53, ""quantity"": 5, ""total_spent"": 416.09, ""purchase_date"": ""2025-10-22 21:56:01"", ""rating"": 4.5, ""return_flag"": false}, {""product_id"": 166, ""quantity"": 1, ""total_spent"": 375.98, ""purchase_date"": ""2025-01-18 10:44:01"", ""rating"": 1.6, ""return_flag"": false}]"
184,[]
185,"[{""product_id"": 14, ""quantity"": 2, ""total_spent"": 399.17, ""purchase_date"": ""2025-05-31 23:11:49"", ""rating"": 3.2, ""return_flag"": true}, {""product_id"": 67, ""quantity"": 4, ""total_spent"": 200.14, ""purchase_date"": ""2025-08-05 06:40:10"", ""rating"": 3.5, ""return_flag"": false}]"
186,"[{""product_id"": 173, ""quantity"": 1, ""total_spent"": 272.07, ""purchase_date"": ""2025-05-27 02:41:36"", ""rating"": 3.6, ""return_flag"": true}, {""product_id"": 194, ""quantity"": 5, ""total_spent"": 32.3, ""purchase_date"": ""2025-07-12 22:43:53"", ""rating"": 4.4, ""return_flag"": false}, {""product_id"": 129, ""quantity"": 1, ""total_spent"": 152.02, ""purchase_date"": ""2025-08-06 10:54:43"", ""rating"": 3.7, ""return_flag"": true}, {""product_id"": 73, ""quantity"": 4, ""total_spent"": 196.89, ""purchase_date"": ""2025-08-11 13:54:43"", ""rating"": 4.3, ""return_flag"": true}, {""product_id"": 122, ""quantity"": 2, ""total_spent"": 271.4, ""purchase_date"": ""2025-05-10 13:49:34"", ""rating"": 1.5, ""return_flag"": false}]"
187,[]
188,[]
189,"[{""product_id"": 77, ""quantity"": 3, ""total_spent"": 479.12, ""purchase_date"": ""2025-05-01 14:10:43"", ""rating"": 1.0, ""return_flag"": true}, {""product_id"": 32, ""quantity"": 1, ""total_spent"": 12.46, ""purchase_date"": ""2025-10-02 23:21:27"", ""rating"": 3.4, ""return_flag"": true}, {""product_id"": 79, ""quantity"": 2, ""total_spent"": 376.67, ""purchase_date"": ""2025-03-29 15:52:15"", ""rating"": 4.6, ""return_flag"": false}]"
190,"[{""product_id"": 37, ""quantity"": 2, ""total_spent"": 100.16, ""purchase_date"": ""2025-07-26 10:09:43"", ""rating"": 3.5, ""return_flag"": false}, {""product_id"": 50, ""quantity"": 1, ""total_spent"": 98.87, ""purchase_date"": ""2025-04-18 04:34:31"", ""rating"": 4.2, ""return_flag"": true}, {""product_id"": 193, ""quantity"": 5, ""total_spent"": 236.02, ""purchase_date"": ""2025-06-01 04:56:59"", ""rating"": 3.2, ""return_flag"": false}, {""product_id"": 172, ""quantity"": 1, ""total_spent"": 132.84, ""purchase_date"": ""2025-07-15 02:09:47"", ""rating"": 1.8, ""return_flag"": false}, {""product_id"": 85, ""quantity"": 3, ""total_spent"": 72.83, ""purchase_date"": ""2025-08-21 06:21:47"", ""rating"": 3.6, ""return_flag"": true}, {""product_id"": 73, ""quantity"": 5, ""total_spent"": 44.21, ""purchase_date"": ""2025-10-01 05:07:00"", ""rating"": 1.8, ""return_flag"": false}]"
191,"[{""product_id"": 169, ""quantity"": 3, ""total_spent"": 349.79, ""purchase_date"": ""2025-06-20 21:53:05"", ""rating"": 1.6, ""return_flag"": false}, {""product_id"": 81, ""quantity"": 4, ""total_spent"": 92.63, ""purchase_date"": ""2025-08-08 20:25:35"", ""rating"": 2.3, ""return_flag"": true}, {""product_id"": 183, ""quantity"": 4, ""total_spent"": 145.57, ""purchase_date"": ""2025-04-25 12:39:52"", ""rating"": 2.4, ""return_flag"": false}, {""product_id"": 123, ""quantity"": 4, ""total_spent"": 228.23, ""purchase_date"": ""2025-04-07 17:13:39"", ""rating"": 4.1, ""return_flag"": false}, {""product_id"": 142, ""quantity"": 1, ""total_spent"": 96.13, ""purchase_date"": ""2025-03-25 06:38:59"", ""rating"": 3.4, ""return_flag"": false}, {""product_id"": 36, ""quantity"": 5, ""total_spent"": 106.25, ""purchase_date"": ""2025-08-24 19:04:58"", ""rating"": 3.9, ""return_flag"": true}]"
192,[]
193,[]
194,[]
195,"[{""product_id"": 149, ""quantity"": 4, ""total_spent"": 386.91, ""purchase_date"": ""2025-06-25 04:16:03"", ""rating"": 1.9, ""return_flag"": true}, {""product_id"": 142, ""quantity"": 3, ""total_spent"": 276.3, ""purchase_date"": ""2025-08-03 03:09:09"", ""rating"": 5.0, ""return_flag"": false}, {""product_id"": 168, ""quantity"": 2, ""total_spent"": 189.25, ""purchase_date"": ""2025-03-14 11:00:43"", ""rating"": 1.9, ""return_flag"": false}, {""product_id"": 35, ""quantity"": 4, ""total_spent"": 255.55, ""purchase_date"": ""2025-07-31 06:47:39"", ""rating"": 1.4, ""return_flag"": false}, {""product_id"": 129, ""quantity"": 1, ""total_spent"": 334.71, ""purchase_date"": ""2025-01-23 13:59:36"", ""rating"": 4.4, ""return_flag"": true}, {""product_id"": 194, ""quantity"": 5, ""total_spent"": 78.78, ""purchase_date"": ""2025-08-25 09:05:51"", ""rating"": 1.6, ""return_flag"": true}]"
196,[]
197,"[{""product_id"": 11, ""quantity"": 2, ""total_spent"": 383.12, ""purchase_date"": ""2025-08-02 16:07:49"", ""rating"": 1.9, ""return_flag"": false}, {""product_id"": 95, ""quantity"": 2, ""total_spent"": 30.98, ""purchase_date"": ""2025-03-07 23:02:49"", ""rating"": 1.8, ""return_flag"": false}, {""product_id"": 100, ""quantity"": 4, ""total_spent"": 459.77, ""purchase_date"": ""2025-10-21 12:57:28"", ""rating"": 4.5, ""return_flag"": true}, {""product_id"": 167, ""quantity"": 3, ""total_spent"": 60.58, ""purchase_date"": ""2025-03-01 16:23:40"", ""rating"": 4.9, ""return_flag"": false}]"
198,[]
199,"[{""product_id"": 146, ""quantity"": 2, ""total_spent"": 194.56, ""purchase_date"": ""2025-08-05 22:51:26"", ""rating"": 2.5, ""return_flag"": true}, {""product_id"": 133, ""quantity"": 3, ""total_spent"": 194.4, ""purchase_date"": ""2025-04-04 20:20:51"", ""rating"": 4.6, ""return_flag"": false}, {""product_id"": 91, ""quantity"": 3, ""total_spent"": 248.56, ""purchase_date"": ""2025-08-26 03:58:21"", ""rating"": 2.9, ""return_flag"": true}, {""product_id"": 129, ""quantity"": 2, ""total_spent"": 225.55, ""purchase_date"": ""2025-10-16 19:40:34"", ""rating"": 1.9, ""return_flag"": false}, {""product_id"": 55, ""quantity"": 2, ""total_spent"": 101.58, ""purchase_date"": ""2025-09-03 23:42:56"", ""rating"": 2.4, ""return_flag"": true}, {""product_id"": 170, ""quantity"": 2, ""total_spent"": 213.16, ""purchase_date"": ""2025-09-20 00:10:37"", ""rating"": 2.3, ""return_flag"": true}]"
200,"[{""product_id"": 123, ""quantity"": 2, ""total_spent"": 299.49, ""purchase_date"": ""2025-03-28 22:35:07"", ""rating"": 3.6, ""return_flag"": false}, {""product_id"": 6, ""quantity"": 2, ""total_spent"": 31.14, ""purchase_date"": ""2025-03-03 16:14:18"", ""rating"": 3.3, ""return_flag"": true}, {""product_id"": 35, ""quantity"": 5, ""total_spent"": 29.2, ""purchase_date"": ""2025-08-09 12:39:48"", ""rating"": 3.3, ""return_flag"": true}, {""product_id"": 43, ""quantity"": 3, ""total_spent"": 462.0, ""purchase_date"": ""2025-07-18 06:18:05"", ""rating"": 3.1, ""return_flag"": false}, {""product_id"": 154, ""quantity"": 5, ""total_spent"": 322.44, ""purchase_date"": ""2025-09-21 06:59:32"", ""rating"": 4.5, ""return_flag"": false}]"
